TRANSACTION_ID,TRANSACTION_DATE,TRANSACTION_AMOUNT,CATEGORY,STATUS,SENDER_ID,RECEIVER_ID
12129dbf-9dd4-4e45-925e-1cc3ea0426b3,2023-11-06,0.09,Groceries,Authorized,1680218,1574175
0b1e4330-7398-4d37-8d7d-0c9c3cf62317,2023-11-01,0.17,Housing,Refunded,1230151,1809912
fe44fe77-3f31-4376-a351-4f83b8523090,2023-11-06,0.65,Utilities,Failed,1473806,1889671
db256be9-5acd-4627-91ff-77ad305cb779,2023-11-13,0.96,Education,Refunded,1391622,1806384
65bbb56f-a5f3-44e9-89eb-b7516b8eeed0,2023-11-06,0.67,Entertainment,Authorized,1487441,1825576
a5495c73-a3dd-4963-8673-b5b1fbdd5a29,2023-10-30,0.93,Entertainment,Failed,1945440,1959742
4599b667-27b1-4764-9e91-b85a3c7415a5,2023-11-13,0.56,Entertainment,Failed,1052889,1704105
9fcbdfc2-66f5-4793-ba1c-5a5a1f73a076,2023-11-13,0.92,Transportation,Completed,1736522,1242453
d6383caa-5508-49c2-8a00-1ac23da811d1,2023-11-06,0.95,Clothing,Pending,1388969,1320688
9e6c6791-fa77-4f6f-a6e0-957d6d5c0679,2023-11-12,0.45,Transportation,Failed,1941164,1549160
3dd589b4-0eaf-4f0f-a871-45c2390237f4,2023-11-01,0.17,Housing,Pending,1605237,1992955
907049ac-c6f1-44fc-9b21-110016598576,2023-11-09,0.31,Debt Repayment,Completed,1252262,1036004
e16ead12-8176-45fd-98ee-999e1302d2b0,2023-11-11,0.8,Debt Repayment,Cancelled,1264569,1174659
4e3175f5-8c92-4cc5-be9c-c9f5a377945b,2023-11-13,0.12,Education,Completed,1296874,1497128
ac99907b-2ebe-4025-b6d2-752b1cdaab40,2023-11-10,0.2,Housing,Refunded,1340849,1157361
bd947714-9df3-4cb9-8d52-3889ed6e39f8,2023-11-06,0.11,Groceries,Reversed,1737681,1047881
fb4a44e6-a398-47fa-bc68-210767da474a,2023-11-02,0.2,Savings,Refunded,1917535,1519311
43c05426-3896-4dbc-a9c3-76d4b54cf050,2023-11-07,0.16,Transportation,Reversed,1595328,1378725
f81e2b76-beee-468f-af20-f7efa6119abc,2023-10-31,0.03,Education,Processing,1156072,1914937
1713ccaa-485f-4648-bfba-effd7d653212,2023-11-09,0.16,Groceries,Pending,1989807,1909696
7a843605-1f51-4406-a609-df42fc8254c7,2023-11-13,0.28,Savings,Completed,1903194,1093645
3402fcef-a6b8-4d37-bf61-03cf59ac0459,2023-11-12,0.84,Healthcare,Cancelled,1692131,1457723
74667c78-880a-4ae8-b492-53bef4d9f9d7,2023-11-03,0.92,Entertainment,Cancelled,1178421,1322918
cd5278c0-19a0-4ff8-ac0d-de4b332e5a6c,2023-11-06,0.14,Healthcare,Authorized,1943106,1374144
185417e0-32e6-4784-ae62-e1e094609810,2023-11-10,0.75,Debt Repayment,Authorized,1014790,1692096
ecacd1db-d2b2-48a8-8e3e-acc67c13635b,2023-11-08,0.24,Entertainment,Cancelled,1690762,1442982
84a14c2f-5c77-4602-9ff9-42e260f19fa3,2023-11-03,0.71,Transportation,Completed,1390682,1538271
456325c2-f584-4d56-b1f4-ccfc7c8cddd5,2023-11-03,0.37,Debt Repayment,Completed,1001089,1904110
0396f4f6-a957-45e0-8fde-6acf1a9848a2,2023-11-13,0.05,Housing,Completed,1831262,1928922
5996fce1-183f-4dc3-9ae4-befd318aa4b0,2023-11-06,0.39,Housing,Cancelled,1969155,1205311
64a1d847-1306-4026-8198-d64bb849b56a,2023-10-31,0.91,Education,Authorized,1286299,1059928
0b939cf6-e06c-4ac7-bcfd-038b8befd55b,2023-11-13,0.62,Clothing,Completed,1458308,1020220
538dfcfc-acaa-40df-8dd5-710e76bf11cd,2023-11-12,0.42,Utilities,Processing,1131951,1675610
e5a4d17b-1695-498d-b9bc-3392ed07702a,2023-11-06,0.0,Transportation,Failed,1454596,1225588
f84e9e81-ddd1-4faa-9e14-6d486e767dbe,2023-11-06,0.13,Housing,Processing,1899136,1844794
14e80cce-d074-41b4-a768-5b8866bc992d,2023-11-05,0.93,Savings,Cancelled,1501661,1953754
d4c178f7-2163-474f-9919-e7fcad7e494b,2023-11-12,0.64,Clothing,Reversed,1229722,1072151
0fe55ad7-0121-4a20-86c5-599fa0c4687b,2023-11-07,0.88,Debt Repayment,Pending,1004340,1719530
fe325b01-4a7b-4db0-8009-a8f9cd34d4d5,2023-11-12,0.71,Debt Repayment,Refunded,1169527,1997104
f00baf2c-8d99-4025-b4ea-eeb35b9478a2,2023-10-30,0.02,Debt Repayment,Reversed,1217845,1104348
1ed4a6e9-e4e3-43c0-8a85-b25ef706bf26,2023-10-31,0.17,Groceries,Completed,1333385,1061951
abbaa938-7433-434a-986f-da29bc0e1a57,2023-11-07,0.77,Transportation,Reversed,1663597,1318082
8b90a331-014a-4b81-97d1-edd5889f8c71,2023-10-30,0.19,Utilities,Failed,1191879,1584415
861189b1-fa5b-4db8-b843-de5fd106b5b3,2023-11-12,0.19,Healthcare,Cancelled,1401674,1993225
a27e1511-9fe6-48dd-a081-35918ca3570d,2023-11-09,0.45,Transportation,Completed,1744257,1016020
3b49166b-9d2d-460b-a011-1507121288bc,2023-11-05,0.76,Entertainment,Reversed,1755252,1167373
aa21bea1-5813-4e61-8301-7558c598f8e8,2023-11-04,0.05,Housing,Reversed,1214268,1405377
1a604624-bbc8-4759-818c-2757418a3833,2023-11-07,0.77,Housing,Processing,1515037,1420624
2fbafb11-48a8-4b57-8495-fa199abcc1f9,2023-11-06,0.31,Savings,Refunded,1353051,1491946
ffccebe0-78c4-437f-853f-e1b65b0f24bc,2023-11-07,0.33,Debt Repayment,Processing,1818926,1461220
d05c2584-29f7-45b3-a727-9d15d420724d,2023-11-11,0.12,Groceries,Cancelled,1635762,1341951
ea56a438-a614-4b29-9657-c6a3bfbb52ed,2023-11-08,0.84,Utilities,Completed,1562238,1961139
e2f5310b-5a5a-4f70-800f-3d7ac68b6413,2023-11-05,0.46,Savings,Authorized,1498311,1045606
3a4fdb5d-85b5-4532-aff9-47a7431e5878,2023-11-08,0.3,Savings,Cancelled,1582785,1403712
59065a47-6289-417d-8372-bb21a2f3ea67,2023-11-07,0.17,Utilities,Refunded,1879571,1805771
e92975b8-705c-4bf9-82be-0eb58199d585,2023-11-02,0.77,Savings,Processing,1543677,1578339
be9886b5-6a34-4150-a631-0d2102e6c3ea,2023-10-30,0.3,Healthcare,Completed,1098778,1576611
42e8fa74-a755-4511-856a-7098f20c516e,2023-10-31,0.91,Savings,Failed,1645034,1700818
4fa046d9-044a-44b9-99a1-cb4a374c1516,2023-11-02,0.15,Healthcare,Reversed,1395333,1513231
e7392a11-1b20-4430-91d1-03fc49e05dea,2023-11-08,0.55,Education,Authorized,1041354,1860267
75f3c05d-fb5d-4ead-9baa-e67c866dc05c,2023-11-10,0.99,Clothing,Cancelled,1064059,1730463
5d2bb9fe-f7cb-406b-8fc8-821050674285,2023-11-11,0.68,Savings,Reversed,1880290,1926929
db8de3ed-8e88-42d0-8c70-5120300fbc6a,2023-10-30,0.93,Healthcare,Failed,1180473,1120446
1545e68e-a977-48ae-bd3d-e5fcc3d8d3ae,2023-10-31,0.62,Housing,Authorized,1619198,1667051
70b252bd-e4bb-4889-a2fe-dc0f392be0c0,2023-11-11,0.17,Housing,Pending,1151739,1676312
7b5caff4-6554-4e50-b152-9de10a53c33e,2023-11-09,0.91,Savings,Refunded,1448769,1213285
7987a872-c9cf-428f-b6d3-3bbe0658a2a9,2023-11-05,0.69,Groceries,Authorized,1905202,1844867
ff58e819-a36e-4041-9bca-349a96b04fcc,2023-11-01,0.37,Utilities,Cancelled,1223864,1062386
c3bb5a5d-07d6-4b0c-bf01-54457d89ae7d,2023-11-11,0.67,Debt Repayment,Cancelled,1598307,1565302
95201139-63a1-4584-a59e-aab57b449312,2023-11-05,0.51,Clothing,Failed,1474098,1984003
f6183ee7-9ac7-43e1-8a96-9d04c593cb6b,2023-11-12,0.24,Education,Failed,1533020,1078514
c28584d0-e723-41cf-9353-d41788c1e937,2023-11-11,0.45,Transportation,Processing,1690823,1999814
0d3f64a0-0d61-475a-9051-34c297ad1c60,2023-11-12,0.06,Healthcare,Cancelled,1091188,1969269
32d908a1-1799-4e7d-b107-baae8b5fd520,2023-11-10,0.33,Education,Failed,1025180,1899873
becb114c-94d8-4c70-a5b4-b1280c8d60d6,2023-11-02,0.64,Debt Repayment,Authorized,1568957,1063789
75982a84-7473-4f37-a3a6-940a19e23386,2023-11-01,0.32,Healthcare,Refunded,1442910,1885794
eefde0c1-3ab8-4cc6-9955-196a0f93daef,2023-11-11,0.9,Housing,Authorized,1680508,1519464
c3f2addd-1d51-4677-a72a-cf3bf6cea79a,2023-11-10,0.65,Education,Cancelled,1065443,1790927
10c6a5a3-26ef-4bd9-8e1f-b44a8f61c095,2023-11-02,0.47,Groceries,Cancelled,1396972,1693630
43c7eb6c-24be-4d33-a28f-9d30e4af5931,2023-11-10,0.15,Housing,Cancelled,1168727,1646497
7bd59dd1-13d7-40c0-b01d-f9e4d84c9e52,2023-11-07,0.33,Utilities,Cancelled,1089272,1689471
bb722e58-18ac-46f4-aa0d-d2b3de37d60b,2023-11-13,0.55,Savings,Refunded,1295787,1448836
1d1508fa-c0a8-4f35-ac58-a120cb135d15,2023-10-31,0.56,Housing,Reversed,1208074,1891438
da304ee2-5556-4fdd-91cc-a705929cdbbd,2023-10-30,0.02,Savings,Pending,1887252,1580492
93b16933-956c-4f39-8469-4ffc9ad80f4c,2023-11-12,0.41,Clothing,Reversed,1625066,1673965
01593f68-d203-4ca8-b247-aba1c812269f,2023-11-07,0.26,Entertainment,Failed,1260911,1490331
4f620fa7-bfd1-424a-9fab-075936c991d4,2023-11-11,0.29,Savings,Completed,1475318,1287447
a258d241-4700-4532-9413-f9eee94b0233,2023-10-31,0.73,Housing,Processing,1592846,1745733
b7958687-f08a-40ad-aa9b-7d1424b0ba2f,2023-11-04,0.84,Healthcare,Failed,1995936,1015133
2b0ae801-3e56-4d22-bc45-f188f5148425,2023-11-01,0.57,Healthcare,Reversed,1885357,1662959
46448d1c-b3aa-4fd9-94b7-cfd1b64dacef,2023-10-31,0.62,Housing,Failed,1044621,1727609
cbf6c63e-3f2a-4231-8982-ca531545bab6,2023-11-01,0.32,Clothing,Reversed,1856927,1879421
3ad6b17c-7134-48c8-a268-44559d9f060f,2023-11-06,0.19,Clothing,Cancelled,1969613,1250225
c7ae503b-4dfb-4c77-bcb7-83e36c900c9f,2023-11-04,0.97,Debt Repayment,Cancelled,1288412,1778077
db922aca-ec8f-4d9b-8f35-81f0afb36a3a,2023-11-13,0.58,Debt Repayment,Completed,1812370,1999431
4a869a26-21f6-4719-a704-ff336d7aded8,2023-11-08,0.56,Entertainment,Pending,1010483,1110820
21d967bd-ec5f-418b-9b1e-fc1e4ab39e19,2023-11-09,0.14,Transportation,Reversed,1483856,1990956
e7d2cb96-3564-4c8c-b111-3c4d15d18ab8,2023-10-30,0.74,Utilities,Pending,1318095,1389406
522e8832-009e-4442-809f-928c14b1d1fb,2023-11-01,0.68,Utilities,Authorized,1816762,1694977
1a0b826a-294f-41b0-8519-4bf3794b1256,2023-11-10,0.44,Debt Repayment,Reversed,1420019,1061260
4e13cd57-6d2d-45ea-a266-a3d1ecfcf7f1,2023-10-31,0.92,Healthcare,Pending,1977553,1224130
2aff85c4-490f-4a10-a69a-ac8afeca2336,2023-11-11,0.3,Utilities,Completed,1459379,1146875
8828b45f-d7c9-4a47-b46b-82233a028d23,2023-10-30,0.86,Savings,Cancelled,1716528,1421735
8a8a238e-b227-4906-99c0-a04047fb308a,2023-10-30,0.85,Savings,Authorized,1139313,1789183
1f8f4c1e-82e6-4001-8dd5-381749c71cb1,2023-11-10,0.9,Clothing,Refunded,1711202,1384056
b1e8b482-927f-4b60-b154-32c935663613,2023-11-03,0.13,Transportation,Pending,1048127,1122764
25cad8dd-ad49-4ddf-b2f9-9228a0776026,2023-11-07,0.3,Entertainment,Failed,1969678,1790009
e3a86bdb-4fa4-4910-8d4b-477ccc9e330f,2023-11-10,0.49,Education,Reversed,1546266,1245415
d8b93951-e60f-4bb6-a162-08d203ebaa64,2023-11-09,0.39,Groceries,Completed,1073133,1257140
768dc8a9-f3f0-4194-8977-868e2b774a99,2023-11-13,0.63,Entertainment,Pending,1143124,1308199
d701fa4e-a2c7-42f4-8b95-620501c94c51,2023-10-30,0.27,Entertainment,Processing,1231458,1814840
6265a07c-866d-4c65-abce-56abd1937c4f,2023-11-05,0.35,Clothing,Cancelled,1246189,1098367
4514fca8-4a3f-4d1c-93ce-8c9ec7f92370,2023-11-03,0.28,Groceries,Reversed,1960471,1534138
a3cd2ba2-cb7c-47e6-9d44-3c726719d05a,2023-11-08,0.95,Housing,Cancelled,1838454,1428653
de63670e-e14c-4e73-b4a4-b666d92fd48e,2023-11-13,0.25,Savings,Failed,1356949,1669034
feee855d-59f1-4c78-84bd-600b3a3f0441,2023-11-03,0.14,Entertainment,Completed,1198068,1209967
76b72ac2-a9ea-494b-9c1c-5c466108d7c9,2023-11-07,0.48,Healthcare,Refunded,1612132,1077580
e4ff9ddd-131a-47c8-8e06-52a559c65bbc,2023-11-11,0.58,Clothing,Reversed,1888500,1904560
4a1b8fb9-c4f9-4292-80da-23756821e347,2023-11-10,0.49,Utilities,Cancelled,1885164,1579862
b72189cb-2f6c-4d1e-9eec-357e783fa6aa,2023-10-30,0.98,Debt Repayment,Reversed,1233334,1710720
51ae0abb-791a-4c22-b20a-e387de59c3f1,2023-11-09,0.17,Clothing,Completed,1697914,1164224
0a612dc2-4576-4baa-b137-db53774345f2,2023-11-05,0.47,Education,Failed,1171620,1321548
0ae134f1-c06c-472b-af36-14e083c3e881,2023-11-08,0.05,Transportation,Reversed,1635192,1843744
750171ec-fe78-41cf-9cae-ef52b703f8a8,2023-11-13,0.62,Transportation,Processing,1169245,1866193
80dfccc0-938f-4a8d-9f44-cb056e9142f7,2023-11-08,0.37,Utilities,Authorized,1502749,1356281
def3c2bc-4dd9-428c-9bc3-3ffaa184293c,2023-10-30,0.58,Education,Authorized,1239074,1454856
208357af-1dc5-4117-a6cf-7c9af5c7d283,2023-11-04,0.51,Savings,Reversed,1837121,1797443
dee89136-7d81-4c4d-9c22-e77df650ac2e,2023-11-04,0.9,Groceries,Refunded,1992842,1564891
b9714c38-dc29-443e-8872-dc3dc718e464,2023-11-07,0.61,Education,Pending,1556313,1395472
0d0a7e28-dd0d-4010-84fb-f7c89f1ac765,2023-10-30,0.6,Education,Cancelled,1889311,1792427
ddacb909-3333-49f9-a763-2150c0981ea2,2023-11-10,0.19,Groceries,Authorized,1534658,1012527
68be2f77-b42a-4a90-bea6-8e2768420e01,2023-11-09,0.21,Debt Repayment,Failed,1043194,1491450
581070e4-dc2b-4a2e-8cfe-8bf06b4a5975,2023-10-30,0.91,Transportation,Pending,1806157,1522116
973eba78-01a8-44b0-a7ca-8dd30aba8acc,2023-11-10,0.06,Entertainment,Cancelled,1199066,1476825
a753191c-cd87-4273-afc1-182a2bc804c4,2023-11-08,0.08,Savings,Cancelled,1514292,1058107
4c4637ae-5144-44e7-ad12-6283b0f51f37,2023-11-05,0.59,Groceries,Reversed,1469518,1906960
63dca188-4e49-42b4-be1c-e51b25e91150,2023-10-30,0.53,Clothing,Processing,1759260,1829230
f4a91374-0311-4004-b84a-78cc8f472c5e,2023-11-10,0.08,Savings,Authorized,1671874,1662724
404deca8-b52e-42dc-8158-9761a642daee,2023-11-03,0.66,Clothing,Cancelled,1334719,1679413
b3bfe6d3-e545-41da-aac7-16d056a4b73b,2023-10-30,0.59,Healthcare,Failed,1672723,1754878
67ebfc3a-6a22-4188-ac7f-e57b219b4061,2023-11-08,0.66,Healthcare,Pending,1273176,1056090
e84aa551-86c9-42e2-aad4-0b8298f062cd,2023-11-08,0.76,Entertainment,Failed,1387622,1436190
e0fdcf18-8bd7-436d-a3d5-f6b22aa3cafa,2023-11-01,0.32,Savings,Failed,1361241,1680901
416ca348-d491-4023-b8b4-3f767997902f,2023-11-06,0.69,Healthcare,Authorized,1159381,1618664
f0899b15-1be3-4c06-a51e-7c84c1b1d911,2023-11-07,0.8,Savings,Processing,1552252,1625314
9e00e172-89f7-4215-8b72-87897ee72645,2023-10-30,0.33,Education,Processing,1172013,1129708
2344d659-6f6e-4ffc-811e-0ca8fa48a1f8,2023-11-10,0.79,Education,Failed,1559576,1293634
3a638cad-6571-4f36-9d96-bcb14000ad87,2023-11-02,0.66,Clothing,Completed,1394009,1502535
38ea0697-f8be-451d-8a31-f1601a353708,2023-11-13,0.47,Transportation,Completed,1272876,1491557
8c3d317f-04a8-46ad-940d-008420aa3b14,2023-11-07,0.8,Clothing,Refunded,1721763,1587078
07aa0dac-7ad2-4e91-941f-cc3609afe127,2023-11-02,0.28,Transportation,Completed,1803653,1934210
037b13cd-bf0b-4659-9156-47ff6fe9a8a2,2023-11-03,0.68,Clothing,Processing,1522127,1174752
4ce52d97-9482-47d5-b196-c74fb0375ae4,2023-11-07,0.27,Transportation,Cancelled,1171463,1054182
5aae08b9-9c8f-4968-9fda-de5cf1501a7c,2023-11-02,1.0,Entertainment,Pending,1187465,1928682
7bb5b972-b9aa-478e-8301-7f83286808b3,2023-11-06,0.4,Savings,Authorized,1905660,1124715
e7c0ef11-2d82-451d-a1a8-44c125b9c4b9,2023-11-07,0.2,Savings,Failed,1080689,1748876
399ca5d2-c79b-4cf1-9ed5-158072889722,2023-11-08,0.38,Healthcare,Reversed,1483594,1358364
6e734445-f271-4b58-84b4-0a85d72245cc,2023-11-05,0.02,Clothing,Cancelled,1222182,1523592
6ca53656-ebab-4dfc-89cf-a57152d91c96,2023-10-30,0.78,Healthcare,Refunded,1214708,1585002
86433950-30f7-4341-9987-a369a4568b95,2023-11-13,0.21,Housing,Failed,1788484,1456818
8c43bd58-0a7a-43dc-97bb-2925f4c733e6,2023-11-11,0.14,Housing,Reversed,1351377,1370013
681b012c-4998-468a-88c6-4288e33a5ca4,2023-11-01,0.64,Housing,Reversed,1958412,1243680
02bcc5d8-2b3d-4c32-a40f-9f50e27e453b,2023-11-05,0.27,Entertainment,Cancelled,1793223,1422299
4260f8a1-1ae8-45fe-b954-931d6836de69,2023-11-08,0.29,Savings,Cancelled,1465758,1248469
5f54f40c-3212-4b73-a562-df025d14f9e0,2023-11-02,0.99,Utilities,Authorized,1320347,1793484
e2483ae5-e278-4d97-9f65-3aac7ec81c2f,2023-11-05,0.05,Debt Repayment,Pending,1340052,1247543
6dbb6d84-46da-4cc0-abbe-fbb89c06f5e9,2023-11-04,0.97,Debt Repayment,Reversed,1500540,1405563
c2e8df19-4369-4c07-8e71-22020b275d13,2023-11-03,0.02,Utilities,Processing,1239268,1902735
805d7d79-fd80-4c16-993e-ad4e8546b576,2023-10-31,0.3,Housing,Reversed,1502258,1468959
d5a5a12d-ca8a-4efb-9069-f081a8276ffb,2023-11-02,0.25,Debt Repayment,Reversed,1005623,1151979
7a7ef385-d9a5-441d-ab97-c3454477c61d,2023-11-01,0.25,Savings,Pending,1672725,1270813
b5a01e72-1d97-494d-ba86-78b57b2820c5,2023-11-09,0.03,Healthcare,Refunded,1397971,1158292
fe5cdfbd-fd82-496a-a766-3589f6b94ff7,2023-11-11,0.72,Education,Failed,1720240,1121432
3c4037d4-8a1b-4a18-9479-c254ea247742,2023-11-09,0.59,Entertainment,Processing,1145813,1022794
0ce28940-ddad-4834-b293-fbec947e62de,2023-11-08,0.14,Savings,Failed,1627666,1068775
950e9839-b447-4dee-a060-75d961ba3ce8,2023-11-04,0.29,Debt Repayment,Pending,1169063,1114771
700117e7-81af-47ad-ab49-97f313a13587,2023-11-13,0.43,Debt Repayment,Authorized,1462200,1712907
0371f4cc-a9ee-4801-9433-c1db782a497f,2023-11-10,0.64,Housing,Cancelled,1201282,1555243
9db947db-e3a0-40ab-9c87-a2e392f8c90d,2023-11-03,0.31,Transportation,Authorized,1920650,1410283
64962616-34f8-4ab8-bb7b-2abb0601a2ee,2023-11-11,0.4,Transportation,Processing,1849941,1349119
919f6c2f-f9f4-45e8-99c0-3ecb6766dcd5,2023-10-31,0.92,Education,Cancelled,1805629,1881640
bc61f2e1-6264-4531-9284-261a73a83fd1,2023-11-09,0.55,Education,Pending,1086696,1316157
a58740d4-0886-4899-b36c-9701872b1a47,2023-11-01,0.09,Transportation,Pending,1160082,1983953
1475804a-4dea-4411-898e-6ebfb696dcf9,2023-10-30,0.44,Utilities,Refunded,1031017,1835742
8dbcbf71-e026-4683-941e-77f468b9745b,2023-11-04,0.68,Transportation,Refunded,1238101,1954090
6ea75bef-31c5-4822-b7bb-816079712fb2,2023-11-07,0.04,Debt Repayment,Authorized,1535591,1596448
3f27d6a9-b184-4c5c-875e-0af9ad7bf377,2023-11-02,0.02,Housing,Refunded,1429724,1009744
3bccd2c4-7140-4166-bb11-53b9da86f750,2023-11-01,0.53,Housing,Authorized,1314428,1730886
e5656a4e-163f-4c39-b0a8-072d68832a0d,2023-11-02,0.54,Clothing,Cancelled,1784707,1232626
2ad5faf2-f55e-4472-b8ca-d25a74300fc2,2023-11-05,0.03,Transportation,Completed,1326867,1814203
52847cd2-e09b-4662-b3ad-57a4de9dd164,2023-11-01,0.84,Groceries,Authorized,1606273,1739263
136dd848-3594-4eb5-b39f-b8746753c59c,2023-11-02,0.34,Education,Authorized,1876837,1310266
0807b0b2-92c7-4582-adbe-e45683a46baa,2023-11-10,0.57,Education,Failed,1077832,1030199
c5ac7895-64a7-42a5-aa4c-62b436d1aae3,2023-10-31,0.76,Healthcare,Cancelled,1534436,1941381
b10fe870-0aa5-4cce-beb7-54ee5bf37734,2023-11-07,0.74,Savings,Authorized,1842775,1978965
a9a153fb-7760-4b04-97ed-f98af9695295,2023-11-05,0.61,Entertainment,Authorized,1405702,1780980
00b5cb05-e1c9-4d1b-a2ba-ee9621bd43ba,2023-10-30,0.66,Clothing,Authorized,1391458,1953807
244dbaca-42cb-4eff-a129-17ab5bbc92ea,2023-11-01,0.83,Groceries,Cancelled,1579591,1845248
9cba8f82-f7d4-4ed4-9a65-4e83e4a675bf,2023-11-12,0.61,Healthcare,Completed,1869408,1458865
aeb58a20-1223-48e6-ade1-d2c0e4136b8b,2023-11-09,0.09,Utilities,Failed,1154744,1374116
49cd64e5-1e61-4837-be5f-e288ebb963a1,2023-11-02,0.14,Entertainment,Cancelled,1185806,1637279
644376f5-56f9-4c3f-8168-d27a51dbbe3b,2023-11-04,0.26,Healthcare,Authorized,1649380,1263646
c5655ce8-c66c-47ea-9174-b6fe6e96c37f,2023-10-31,0.69,Debt Repayment,Cancelled,1101411,1606048
0e298ec5-2b10-4c89-a878-5108db6edb76,2023-11-01,0.37,Transportation,Pending,1510425,1357570
0c1d16f6-e63e-4d99-b238-93b5ce1d2aef,2023-11-11,0.49,Housing,Processing,1524541,1102688
29d23e94-6ffc-4992-bb49-1375b8a29f46,2023-11-12,0.37,Transportation,Authorized,1544842,1892825
8fe7b313-6d5b-45af-a64f-b9dc6f9597cd,2023-11-02,0.06,Savings,Failed,1553360,1572078
57b5bf7b-287c-465f-9cdf-8cd59617ce51,2023-11-13,0.32,Transportation,Failed,1557572,1004263
f7fe91db-daca-4139-b39d-bee57e88aee1,2023-11-06,0.21,Debt Repayment,Refunded,1823904,1533143
7a8bc855-e6e6-4917-bf5c-ea2c3eb938ae,2023-11-03,0.18,Housing,Refunded,1051655,1678478
6ed436e3-64b3-4dd1-a6fd-77a0a1ffddaf,2023-11-03,0.58,Clothing,Cancelled,1244611,1005202
336d80d8-71e2-4b1f-87de-7b8b6f3496a5,2023-11-08,0.27,Utilities,Processing,1071045,1625637
67fb7085-d2b0-4a5e-9d47-a20be16b7abe,2023-11-02,0.11,Groceries,Failed,1574892,1830951
7b20d381-7d00-4618-aeb5-707316f53d41,2023-11-13,0.93,Education,Refunded,1630967,1284225
d1b659ca-6fae-4f3b-9af7-f1c3a730cec3,2023-11-13,0.28,Transportation,Processing,1546665,1410636
6711e559-c8f3-45f4-9635-3908512e50bf,2023-11-10,0.29,Savings,Failed,1795469,1142055
2d174fd4-a289-4847-a32b-d4534b7fbb34,2023-11-08,0.03,Clothing,Refunded,1418652,1953333
556f0d98-df0a-4bac-850d-5fa1409e5b38,2023-11-11,0.33,Entertainment,Refunded,1303934,1025381
4211c5f0-b164-4ea0-9643-0d17d4bc6029,2023-10-30,0.98,Clothing,Refunded,1011598,1039185
73893a44-5b8e-43ff-9b21-a21d542bf1ca,2023-11-11,0.38,Healthcare,Cancelled,1870865,1216416
7b7653a6-c7d1-4808-87c8-655c91e2aa45,2023-11-05,0.78,Education,Authorized,1766858,1730922
4fe03dc6-5128-4386-a86a-0a1484b84f3b,2023-11-08,0.85,Housing,Pending,1680505,1339837
f00c6d99-3dc1-4785-871a-239e951dc365,2023-11-01,0.18,Entertainment,Pending,1445311,1730343
e7959e50-357f-4aac-9c81-8fb68e35356b,2023-11-01,0.06,Entertainment,Cancelled,1066335,1126729
4391850e-4434-49ea-93a1-d3ac880b030b,2023-11-12,0.47,Education,Pending,1420030,1017078
9c50f9b1-34f3-42bc-8489-6fca1f1d79ae,2023-11-12,0.15,Savings,Cancelled,1364332,1735261
a96b16a1-0236-4955-b9ae-2b3a5b3a82f8,2023-11-04,0.11,Transportation,Reversed,1715152,1319563
9389b666-9d23-4802-aa58-a2a5c0ea2ba7,2023-11-08,0.02,Education,Failed,1905888,1270129
c5ae94af-f26f-49e0-9cc5-ca2b8c88f75c,2023-11-03,0.02,Utilities,Reversed,1601125,1787531
44198ae4-f5a2-4443-8188-360ec897a5f1,2023-10-30,0.02,Education,Cancelled,1262487,1969132
99054289-585d-4eb8-80f6-ee56ecacc1f8,2023-11-06,0.12,Housing,Reversed,1415868,1363126
81bc5399-910e-4c7b-9c8b-dc5570456c99,2023-11-10,0.86,Savings,Refunded,1606393,1719749
0fd1ea81-6319-4657-b3f8-92a7f3d471ce,2023-11-03,0.75,Savings,Pending,1670723,1575831
828df74b-0e91-416e-a091-06a78e0e737e,2023-10-31,0.54,Housing,Failed,1932541,1041535
e0640a67-16ab-4bd0-9e63-1869f2a7891d,2023-11-03,0.45,Education,Cancelled,1497975,1509021
f5778b41-af71-47fa-9922-939412188435,2023-11-05,0.79,Clothing,Completed,1924350,1017112
dce3ffc8-36c3-4bf6-8422-0e39c16b9261,2023-11-03,0.16,Housing,Cancelled,1909704,1671254
16075280-f13f-4259-8267-fe9e3b5bf06c,2023-10-30,0.35,Healthcare,Pending,1108117,1152357
62d50bbd-46b0-4266-9d03-e25b70ccb79f,2023-11-03,0.2,Groceries,Pending,1172289,1370149
33dc165b-7147-4e0f-8e6e-a92f667a0a4f,2023-11-10,0.92,Clothing,Completed,1728104,1832281
5124619a-162e-4059-b244-071c69e61ec9,2023-10-30,0.86,Clothing,Refunded,1128179,1725182
13f84172-1251-4432-9a0a-ee21318e5dbf,2023-11-03,0.12,Savings,Cancelled,1682190,1207974
d3a1878f-9797-4421-8ce9-df07dcdef49b,2023-11-07,0.58,Housing,Authorized,1676725,1337040
f14b824b-77b8-424f-baa5-bf36c07f97e5,2023-11-11,0.83,Debt Repayment,Failed,1439658,1228813
c7719bd2-6a98-4df0-8c59-716f98b008a9,2023-11-07,0.52,Utilities,Refunded,1584523,1463287
6910117f-24a1-47e3-a54e-88b19df60c0f,2023-11-13,0.51,Groceries,Refunded,1923535,1007917
2e82880a-d67c-4e3f-97ad-5c687936796b,2023-11-11,0.2,Groceries,Reversed,1524800,1287429
5304a79b-8590-41e3-9877-9ee2a319dffe,2023-11-12,0.52,Debt Repayment,Reversed,1089047,1711882
25265be1-d7cc-4518-8128-d5e6d79adc2d,2023-11-02,0.9,Groceries,Reversed,1741474,1726315
d66fb94b-29e7-452b-9945-41502c7e03c9,2023-11-06,0.43,Housing,Pending,1729334,1014156
a659df8e-015e-4d1e-bd5b-fdf8a2a207a3,2023-11-02,0.45,Transportation,Pending,1027503,1077602
9cf05389-99f9-4414-8013-ae6c686b6236,2023-10-30,0.39,Transportation,Authorized,1878440,1672646
bef1a1d3-b39a-4aab-b968-09f80eeacef1,2023-11-10,0.25,Groceries,Authorized,1033816,1144181
2756c515-52c4-4205-b991-0b519842992c,2023-11-09,0.76,Entertainment,Reversed,1648912,1632030
8410e764-78ed-4e34-b4d2-092c824f5d56,2023-11-12,0.79,Debt Repayment,Authorized,1808785,1840260
8fb4b06f-18c2-4b1d-8a9f-5bc9401d4933,2023-11-12,0.2,Savings,Authorized,1151319,1454493
d66aff2c-602d-47aa-b4a4-455e8439b9db,2023-11-07,0.3,Healthcare,Pending,1028944,1161383
e65f1542-d3d3-4856-aca0-7295cda80c8e,2023-11-05,0.14,Savings,Failed,1791390,1650477
5f4a0410-2b7f-488d-8ced-0b1171287205,2023-11-07,0.88,Utilities,Pending,1929585,1417316
b735c99a-99e2-4667-bcb3-6b3601a1c5b8,2023-10-31,0.0,Utilities,Refunded,1889855,1235915
ec1bad55-f3cd-45af-9be7-762b85320f18,2023-11-07,0.94,Entertainment,Pending,1241412,1222841
4de447a8-526d-4431-8b77-772072666399,2023-11-01,0.85,Healthcare,Processing,1741429,1730102
8075a8b7-ceab-462b-8b30-b6123a0dbea7,2023-11-10,0.88,Groceries,Reversed,1889216,1165035
e03ed007-159a-4b69-a5a5-f7b1dfae9fa4,2023-11-12,0.87,Housing,Refunded,1858360,1253682
a840ef62-4ccd-40ef-83f6-dc69aef911dd,2023-11-01,0.19,Debt Repayment,Reversed,1071596,1455513
415bbdc5-01fe-41f5-ae26-bfb0bde57485,2023-11-04,0.33,Clothing,Completed,1197540,1039245
21b26e18-53bf-4c58-9870-031e2e83daed,2023-11-10,0.97,Clothing,Cancelled,1429956,1562680
f3501521-ac19-43e4-8add-1e7c67b7c0e7,2023-11-07,0.72,Clothing,Authorized,1683949,1667988
e04530bf-9ab5-4155-80b9-7a8c1e4fd88b,2023-11-04,0.68,Healthcare,Failed,1122952,1934946
ac64e391-0f0e-4e30-b09c-af7da56eb7fd,2023-11-12,0.95,Utilities,Authorized,1445070,1926684
1bd1199f-1c66-430d-a211-63d5c90ad533,2023-11-11,0.75,Healthcare,Reversed,1104888,1922918
1da1a9e8-d64f-433b-8fbb-f6ac13f64c33,2023-11-12,0.71,Education,Refunded,1449201,1479117
87d7a56d-9a44-49a0-b078-a1805ef55454,2023-11-11,0.18,Clothing,Failed,1318015,1130786
6300d25d-2bff-4596-a7bb-1d620733927d,2023-11-07,0.77,Savings,Completed,1795744,1595162
daeb3058-ad33-4bda-8827-41aadc76e8fa,2023-11-05,0.89,Debt Repayment,Authorized,1432243,1512002
93054db1-8701-4c8b-a266-0e08ae953f34,2023-11-07,0.63,Education,Completed,1925004,1887730
04244301-d988-40ae-8216-c012c6163d71,2023-11-13,0.19,Housing,Processing,1114463,1492531
d1e23aa7-bfd9-47d3-9bbc-b1d7b9444991,2023-11-02,0.5,Entertainment,Pending,1156224,1519479
671958a7-499f-4c0e-a925-535ddd1a9d7b,2023-11-09,0.42,Education,Authorized,1283382,1876893
aa506827-9168-4664-b6bd-1b836b4a26ca,2023-11-13,0.75,Debt Repayment,Failed,1247017,1027807
0f072960-8291-425e-8d98-e27b1d5ec309,2023-11-08,0.88,Debt Repayment,Cancelled,1786597,1448895
bce39fcc-b2ef-4a57-9e79-06d0a053fde3,2023-11-10,0.97,Transportation,Reversed,1254915,1081590
16e371b9-d8a7-456f-bb43-309e083ca96e,2023-10-31,0.58,Savings,Cancelled,1088476,1644393
50482f55-4d38-452a-85c4-2071a1180432,2023-10-31,0.66,Debt Repayment,Authorized,1295736,1355645
25b0605e-8fcc-4e59-89d9-112dcab8168e,2023-11-01,0.87,Entertainment,Cancelled,1042416,1966479
51c12bae-66b9-4b77-aa1b-3f88a0397072,2023-11-02,0.04,Transportation,Pending,1913505,1758502
7243a20c-07d4-4c1a-9d51-641192acd506,2023-11-07,0.7,Utilities,Refunded,1175176,1559689
5976b57e-a1ca-4abb-b444-c9b3e9d257e1,2023-11-01,0.01,Housing,Completed,1151080,1201930
57d929c1-bca4-4a2d-9eaa-2ebb0c87e7a3,2023-10-30,1.0,Housing,Reversed,1876383,1901365
7e810a3f-86c9-4247-9e40-a9e720d828ab,2023-11-11,0.86,Education,Refunded,1498344,1245003
0465b7a7-f0fb-45eb-a1ab-22884a594063,2023-11-04,0.32,Entertainment,Reversed,1773917,1415245
c7ff421b-8b42-442e-8663-93cecda6f630,2023-11-10,0.36,Utilities,Authorized,1290274,1060693
878eae5a-729d-4910-bb4a-ae38748f2278,2023-11-08,0.7,Clothing,Reversed,1259774,1039827
cab00de0-f51f-4e3a-9786-729d7e412f9f,2023-11-07,0.3,Healthcare,Reversed,1028343,1429383
0ca2b0e4-304b-4cfe-a277-7689ec339213,2023-11-06,0.18,Savings,Refunded,1280410,1863745
a28f9e68-0795-48ac-a11d-56c39463ed16,2023-11-08,0.86,Utilities,Failed,1407174,1724690
973f6423-4bf1-4b9e-93de-47275870cb1d,2023-11-13,0.23,Healthcare,Pending,1073732,1992979
59d324c5-b711-4db6-b0f4-34f986671cf3,2023-11-08,0.49,Education,Failed,1969788,1804415
7faff79d-c69f-4ca0-9253-4addb4589750,2023-11-12,0.22,Housing,Reversed,1990555,1700009
5785ef1a-831b-49ff-9fbf-eaf13cf4c3bc,2023-11-05,0.93,Savings,Authorized,1262112,1904598
7d3a67c5-58f4-4b78-992d-e61e17de3b96,2023-11-02,0.72,Utilities,Processing,1228214,1150020
feb91213-4554-4132-b232-b0e3cadce461,2023-11-06,0.14,Entertainment,Reversed,1156288,1374585
9d86ea80-24e9-46ad-89a8-1eec836f454b,2023-11-13,0.6,Clothing,Processing,1525029,1756149
4203f119-4b53-4531-847e-0a58a98c3898,2023-11-10,0.66,Housing,Failed,1006148,1438408
a539b81a-9121-415d-beff-2fe83847373d,2023-11-10,0.65,Groceries,Failed,1926850,1089961
ae696c4d-c34c-4aca-822d-c0bcfb269a9b,2023-10-30,0.62,Education,Refunded,1599254,1472753
c93da3a9-ded4-45bf-b1c8-d612c81bd78b,2023-10-30,0.15,Groceries,Pending,1179770,1084969
5806c881-ce06-40bd-a9dd-b1a59b03bdc7,2023-11-05,0.41,Clothing,Authorized,1583036,1224920
a193c1b2-2c69-438d-bc98-b61973819222,2023-11-01,0.63,Healthcare,Completed,1324400,1880578
20005b0d-a114-49df-b54d-6d4ca08efe91,2023-11-01,0.66,Healthcare,Refunded,1331454,1033437
67922728-e1a6-496e-83e3-7fb6b0e8031c,2023-10-31,0.08,Entertainment,Refunded,1895771,1186554
7452a508-3107-4ab0-b89a-c471ce2aa3ee,2023-11-06,0.16,Savings,Processing,1054092,1233586
464d299d-b53b-4ccb-968f-13706619239d,2023-11-02,0.34,Groceries,Refunded,1841902,1220132
d13e2c53-32ee-429d-a311-5c85eccf7216,2023-10-31,0.52,Education,Cancelled,1324788,1991512
340242ca-9d8b-4679-b45d-de9a23aa0d81,2023-11-01,0.8,Education,Pending,1478730,1137685
a5beb371-1b80-4791-92d4-8bac449996b0,2023-11-08,0.85,Entertainment,Refunded,1745216,1792015
898e4c03-213a-4160-9036-6fe637ca929f,2023-11-10,0.79,Housing,Cancelled,1274803,1297604
0b762a6b-6efd-4ae3-a122-40f5e91062bc,2023-10-30,0.59,Debt Repayment,Failed,1341489,1107014
1c24c77b-81c6-4857-8fe8-ed9a772c43f2,2023-11-12,0.61,Healthcare,Failed,1157657,1197871
399abb1c-27b8-4f74-abee-89ea08da28e1,2023-10-30,0.55,Clothing,Refunded,1626014,1807459
7393d256-1428-4ace-8d2f-4c868d4fd554,2023-11-11,0.1,Transportation,Failed,1605698,1089952
68c074ef-ee94-4490-a492-28ca24317626,2023-11-12,0.05,Clothing,Reversed,1168502,1054651
9ddcee4d-3473-4d0f-9b5c-59d44bbbb4b0,2023-11-02,0.56,Education,Pending,1402807,1519272
814d2ac8-57a6-4bff-945b-04cab341c572,2023-10-30,0.49,Clothing,Cancelled,1408539,1323850
d699b707-b3c0-43df-a291-95605df6d7c9,2023-11-02,0.91,Transportation,Refunded,1815553,1492159
5490ebee-1f2d-45f8-ae46-f53a1c32097d,2023-11-09,0.08,Utilities,Completed,1315947,1775699
b4aab818-1d04-4441-aba0-edcc9a2b54f1,2023-11-05,0.51,Education,Cancelled,1583494,1333455
489ef77f-7a08-4f7d-a1c6-f93044e01c3f,2023-10-31,0.69,Education,Cancelled,1925915,1984013
5730d97a-7fc8-4fde-bbb5-298cd36af8ef,2023-11-04,0.44,Housing,Reversed,1344782,1445850
fb419d5e-b8b9-423c-91b2-b61a9357a7e2,2023-11-06,0.83,Groceries,Pending,1990108,1475300
16909650-32e5-48a4-8d17-d64519016adf,2023-11-08,0.05,Utilities,Failed,1934655,1897007
e5189938-9fa8-47e2-9841-dc4e41b14a93,2023-11-09,0.08,Healthcare,Authorized,1340580,1641213
a872febb-1173-4986-b121-b596a7b76325,2023-11-08,0.26,Education,Pending,1870831,1005122
8afe1f80-35df-4c5b-b4bb-9ac9b9606e45,2023-10-30,0.87,Entertainment,Reversed,1658600,1409394
bc72699b-127b-406d-86aa-09a068358867,2023-10-30,0.47,Clothing,Refunded,1013647,1971160
d70b4ddf-4f7c-43c8-a634-ace36b48b017,2023-11-04,0.76,Debt Repayment,Authorized,1919513,1335471
14527833-b621-4ccc-a379-fabab401fb4d,2023-11-08,0.53,Transportation,Authorized,1115880,1675640
24705bd3-32fd-4b12-98a4-f083c1d42d7f,2023-11-07,0.64,Groceries,Reversed,1368088,1119134
21bf1a3a-6ae6-4f38-acf1-a5a865c59ea4,2023-11-09,0.19,Education,Refunded,1261574,1313679
316667b4-9274-4fe0-9126-1db9ab12e33a,2023-11-08,0.1,Housing,Processing,1904908,1173143
bf9b28d1-974c-43ff-88be-a2ead6c6d35c,2023-11-13,0.93,Clothing,Completed,1508511,1920344
bf5926f5-0617-4ff9-a6fb-711f21e0044e,2023-11-12,0.01,Education,Cancelled,1901079,1241687
0beb2fa1-abf8-4ad4-bbcb-e04d293d1cf7,2023-11-08,0.04,Utilities,Cancelled,1762410,1354501
ec69aadd-7d78-40f1-9f59-e35d309cf580,2023-11-05,0.79,Utilities,Reversed,1763343,1291377
9926b548-b1f2-462a-bd5e-a2e74ce554f8,2023-11-07,0.66,Utilities,Failed,1486819,1184356
742a4280-1f78-4571-a228-9619c8cf0325,2023-11-03,0.81,Clothing,Processing,1165961,1182589
aa1c9e59-74f4-4a8f-b5fd-7823f371a807,2023-10-31,0.67,Utilities,Refunded,1295100,1029727
63354e26-4136-41c5-92ce-9d1ec96c653f,2023-11-04,0.81,Clothing,Reversed,1365999,1983758
9b3ed00c-daba-476b-b8a6-d3cfdb10dc63,2023-11-12,0.56,Debt Repayment,Completed,1981851,1108587
cb928b58-1ced-4379-9c2e-8328eb2d6549,2023-11-03,0.87,Utilities,Authorized,1733964,1896132
84acbf02-e2eb-4e62-821e-34502937d31e,2023-11-03,0.02,Debt Repayment,Pending,1150983,1165567
5fa1d069-58c3-4b94-ba24-decea6e96b47,2023-11-04,0.05,Education,Authorized,1915727,1862467
b9100d64-a521-4bde-ab1e-38925367625d,2023-10-31,0.94,Housing,Processing,1697831,1660192
640b5e89-cecf-4f28-aca7-cd676e42f0a0,2023-11-06,0.01,Savings,Cancelled,1105308,1073195
acdfd3ec-826c-4d6a-828f-f52de13353d3,2023-10-31,0.31,Debt Repayment,Pending,1147118,1541172
abbcb8bc-0084-4f16-ac92-168e48969063,2023-11-08,0.82,Entertainment,Failed,1903416,1081942
e4554726-3ad0-48e2-b993-04d12d14aec0,2023-10-31,0.59,Housing,Refunded,1728133,1229571
48b7deff-ace1-4087-864d-aa938525a652,2023-11-08,0.62,Utilities,Refunded,1272149,1352687
6ef8f31d-1621-4485-bbb1-9d7e5413bf83,2023-11-04,0.85,Debt Repayment,Processing,1812865,1545965
d8194fcb-cd42-4867-93dc-1339bc9c95cc,2023-10-30,0.9,Groceries,Cancelled,1486175,1140717
106dfdbc-e042-4d64-93ce-a2e84002c25d,2023-11-10,0.85,Entertainment,Refunded,1711389,1412423
c0ff31d8-806a-46ce-8add-1a861007a107,2023-11-13,0.38,Housing,Pending,1135925,1850772
a9ad9f13-d12c-4548-ab4a-c7223644ce66,2023-10-30,0.01,Education,Cancelled,1670601,1716267
0b18bcdd-d65c-4f63-9f4f-d7e0440ce709,2023-11-06,0.68,Healthcare,Failed,1295387,1409878
4633c03b-8f0c-4264-86e2-58dc5917af67,2023-11-04,0.82,Debt Repayment,Authorized,1728816,1763496
f81551e7-8d59-4232-ba0c-d8aafd8122aa,2023-11-07,0.1,Healthcare,Processing,1204919,1655908
5d50fc11-3197-4ea4-9307-e1de4aa9d536,2023-11-03,0.16,Savings,Reversed,1736074,1119036
4cc1731f-0be5-4fb1-b879-fe7f9ca60145,2023-11-09,0.4,Utilities,Failed,1350895,1048144
5befbffa-a391-451b-bf41-cfe7658d44b7,2023-11-03,0.13,Healthcare,Reversed,1296084,1291611
70f92235-43aa-45df-93eb-ea5de95d5fe8,2023-11-11,0.74,Savings,Cancelled,1386901,1527436
f52ea68d-df20-4fc9-9b5c-b96a3c8eb7ec,2023-10-30,0.6,Debt Repayment,Cancelled,1540256,1769131
a9f54bfa-e9ad-43a2-b28a-4b7c5b06a565,2023-11-01,0.91,Clothing,Pending,1546874,1494341
0c4ff1f4-8c64-44c5-ae3f-fb7676d40fd7,2023-11-12,0.14,Clothing,Cancelled,1485331,1982024
cd0db1df-165a-4454-8e87-8a1ac8f7156a,2023-11-02,0.34,Clothing,Pending,1979603,1448319
bf3c380a-772a-4ba9-8e4f-f73954eedac0,2023-11-08,0.11,Clothing,Pending,1096966,1510230
e5915913-e696-4eb4-88ab-d10773a741d0,2023-10-30,0.57,Clothing,Refunded,1746011,1574004
a27578fa-f438-417a-a3fc-eb9f107811a8,2023-11-04,0.52,Savings,Completed,1701406,1197461
837c0752-3288-46fb-bd37-7e8d23e29d35,2023-11-04,0.98,Clothing,Pending,1168333,1943250
c16a71cc-5d3d-4a8b-a57e-114bbf44e1f3,2023-11-03,0.68,Savings,Failed,1125190,1744442
3eb51795-0f3a-4815-8512-d0aee01ba1f0,2023-11-09,0.4,Education,Completed,1336242,1666076
0cb64c70-18ce-44d8-921a-82cbed13c040,2023-10-31,0.12,Entertainment,Reversed,1761948,1922608
f4c1ff1e-01c8-4a69-8d4d-cb8403436a54,2023-11-09,0.06,Housing,Processing,1733406,1789010
ac133994-d4aa-4cd7-b266-d825cf73e2a6,2023-10-30,0.38,Debt Repayment,Pending,1438766,1928489
c1993381-5652-499b-89ab-8475ff9a07fb,2023-11-05,0.75,Groceries,Cancelled,1679028,1338609
9fc375db-d319-485d-898f-5e68ec76505d,2023-11-01,0.39,Entertainment,Cancelled,1900938,1521761
4d8f8d4d-bfd6-40c6-9aab-a29357940000,2023-11-03,0.35,Savings,Completed,1533776,1224515
5a5636dd-51d4-43bf-a812-4e726cb86cf6,2023-11-05,0.93,Entertainment,Refunded,1485181,1277823
35fa96d8-bb6a-403e-8e8a-a22f27edbac1,2023-11-05,0.2,Entertainment,Cancelled,1574289,1865738
dcc34da6-baed-4d1a-8270-fdadfdb0b3f5,2023-11-11,0.35,Transportation,Authorized,1581744,1092121
39520ea1-2a6b-481d-bd57-b6dbe3260aeb,2023-11-10,0.53,Savings,Completed,1585608,1711278
e05cc630-5554-456b-88fe-aa2e71b68365,2023-11-11,0.63,Utilities,Failed,1618913,1089757
4e5015b6-ee48-4588-9b4b-3735d98a2c48,2023-11-01,0.87,Savings,Processing,1581686,1528003
85bfc050-2fc9-4f3b-a71b-66160722899a,2023-11-13,0.14,Transportation,Authorized,1001400,1581549
e9c17e0a-1a4d-49e6-90f7-c07197d5deb7,2023-11-02,0.42,Education,Cancelled,1062285,1533312
a75d4dcc-97bb-485b-bd8f-c1956708a0f1,2023-11-05,0.85,Utilities,Pending,1803912,1935858
22e192fd-ccb6-4b5a-8839-9e8563f4e55e,2023-11-11,0.57,Groceries,Completed,1678648,1951263
b474ef8f-3348-43e8-8293-86bdf98af3da,2023-11-11,0.08,Housing,Authorized,1039113,1902227
354b6cac-92f4-4b7b-9ab6-026730db4437,2023-10-30,0.41,Savings,Processing,1829135,1778787
a93cf11f-8634-4881-b778-4f37ef604196,2023-11-04,0.71,Debt Repayment,Authorized,1350536,1717513
7bf439a5-77bf-4ebe-860b-a587b93b64e5,2023-11-11,0.11,Transportation,Reversed,1759537,1733583
046b0de0-380b-484f-a6ba-d7fa2795d784,2023-10-31,0.08,Savings,Cancelled,1707204,1458142
9e050b4a-58c5-4517-9098-b812fe5ba8d0,2023-10-30,0.65,Healthcare,Refunded,1590413,1364275
6279a1d4-a061-474a-a665-ec141b90a8f7,2023-11-13,0.35,Transportation,Completed,1506972,1526341
6290935a-470f-4aad-a1f7-fae3defbdc37,2023-11-03,0.15,Healthcare,Cancelled,1808038,1307190
5b2e8b0c-3fa7-4260-a838-e4127833dc0e,2023-11-12,0.57,Education,Refunded,1656283,1666406
132f98e7-8d4c-4776-94ce-5e51c7ee2c99,2023-11-11,0.35,Savings,Authorized,1336585,1008053
aaefc6fd-1dbe-429d-a52f-72fa809132cb,2023-11-06,0.15,Healthcare,Completed,1992865,1173913
c03c0b48-65ea-41cf-a847-ea9af45efc78,2023-11-09,0.36,Utilities,Authorized,1751696,1765843
7a2414fd-732c-4035-ba00-ce98f49bb2a3,2023-10-31,0.54,Transportation,Refunded,1396151,1429526
439e00c4-4eda-4273-9590-b311a2ade257,2023-11-07,0.03,Healthcare,Pending,1480206,1336910
e4e0a88c-f19f-4cb9-a79e-09834d3f17e0,2023-11-04,0.92,Housing,Cancelled,1368816,1121591
f21c02ef-0bf2-4f06-a576-c1f10c2ffa21,2023-11-10,0.34,Education,Failed,1924495,1100823
7e74fd63-3d55-426b-b923-e87d33e065c2,2023-11-07,0.06,Education,Reversed,1513639,1899312
e9e9332f-5604-4006-94a6-9b7fb3609323,2023-11-04,0.44,Savings,Completed,1028661,1738206
3b87f7f6-1052-4a51-9632-3b7e53a1bb54,2023-11-01,0.38,Debt Repayment,Failed,1802828,1176705
e38c3dd7-6b92-4878-994e-3495e5416b32,2023-11-03,0.29,Education,Authorized,1761509,1848034
08fd6ce2-2aab-4a60-9d23-329f174494fc,2023-11-01,0.01,Groceries,Authorized,1600270,1824725
b73ad72d-d41e-4b9c-af06-bad8ca6bb362,2023-11-05,0.46,Entertainment,Failed,1850269,1088885
c98237f7-e975-40c8-8426-51828691a7a6,2023-11-07,0.62,Debt Repayment,Pending,1851571,1191694
0088032f-67c5-4c9c-86ab-9af2a983da4f,2023-10-30,0.54,Transportation,Cancelled,1473672,1887690
47032acb-d7ea-4336-9505-bdc7db55457b,2023-11-10,0.4,Entertainment,Failed,1191085,1236953
ca082253-0de2-48ed-bc5c-825dad4617e0,2023-11-11,0.19,Housing,Refunded,1551442,1385516
61b55245-6499-4814-afff-0219dacb85db,2023-11-03,0.63,Entertainment,Completed,1063905,1606874
70340060-3f56-4a2e-8cbd-9fb91fba874d,2023-11-09,0.3,Transportation,Processing,1666175,1669344
6eea1695-c5fa-41f4-a0f1-d5e06432e633,2023-10-31,0.75,Utilities,Cancelled,1150350,1590754
ce1c2f4a-5bae-4936-9016-f53626c1e0f7,2023-11-04,0.67,Entertainment,Refunded,1010150,1928602
25fd1b7e-f133-4bc2-a8a6-7b2c9b04d2eb,2023-11-05,0.38,Groceries,Pending,1988167,1674887
72d56458-8656-4263-aa31-46c83bd7d8d0,2023-11-07,0.96,Transportation,Reversed,1232256,1608474
55775c1d-698f-41a1-a3e6-f89a81a5b535,2023-11-03,0.29,Groceries,Completed,1724999,1032294
afb7f969-d92b-41e8-9555-9c8c4847144b,2023-11-06,0.32,Transportation,Pending,1426041,1483725
f1d8d4af-e1f2-4150-9944-87560206065b,2023-10-30,0.38,Savings,Cancelled,1640546,1067611
f0941d61-83c7-4ff5-b8cb-ad1b96d79dee,2023-10-30,0.26,Clothing,Failed,1274293,1621201
35679318-62e2-4f04-acd4-85d5f53d43a0,2023-11-09,0.88,Savings,Cancelled,1085247,1558247
6c8a200e-c0ce-4bbe-aff4-aae0aad874d0,2023-11-04,0.46,Debt Repayment,Failed,1882131,1279008
26cf1fac-54df-4962-b6fa-216c6c54b279,2023-10-31,0.96,Utilities,Processing,1148143,1928482
3f700808-334b-45c0-b938-790cf00490b7,2023-11-05,0.05,Education,Pending,1023650,1731620
63e62ad8-0cb8-4f8a-b021-bc78f7afa5dc,2023-11-02,0.52,Entertainment,Processing,1316654,1645747
ea3305ea-c6a3-42d6-8439-dedfc422c2f0,2023-11-10,0.18,Utilities,Refunded,1256666,1242694
d3c91a82-1482-4fd4-8bfa-75a56ad44eec,2023-11-11,0.22,Groceries,Pending,1303044,1877773
684dc2a4-6b6a-42f1-93bc-a0b95f810205,2023-11-01,0.97,Housing,Refunded,1708293,1504885
f4a82de4-02e5-46a7-81dc-75ccb503d68c,2023-11-05,0.52,Groceries,Failed,1065070,1671446
e74551bc-926a-491a-8e74-0b3fc5677ca6,2023-11-01,0.37,Healthcare,Cancelled,1794684,1701436
151f9a44-229a-431f-9e48-9ccd0cd05159,2023-11-13,0.15,Education,Authorized,1058807,1280635
eeeabcc9-556f-4aeb-926d-88a4779b4b9c,2023-11-13,0.6,Groceries,Authorized,1109215,1562752
6b8807a9-efba-4586-81a8-ac01181210b7,2023-11-01,0.63,Savings,Pending,1836545,1623367
ab82f83e-b083-4a2f-95a5-3e658c6f800d,2023-11-11,0.63,Groceries,Authorized,1724507,1686864
afbfd437-0f94-4cdd-9bb6-ad389b917c0a,2023-11-11,0.42,Groceries,Pending,1610505,1779215
04f70d25-7b35-4533-8769-961fa9204fab,2023-11-10,0.3,Utilities,Cancelled,1696731,1164141
4063c8c6-e611-49b8-8806-0b5862926e0f,2023-11-12,0.42,Savings,Refunded,1206646,1842970
9b5993ef-651d-4bf1-9ade-97a0e6b83336,2023-11-13,0.33,Transportation,Refunded,1730125,1971684
1e55f3dd-c3eb-4080-8afe-837ba8d6bc28,2023-10-31,0.97,Housing,Failed,1210653,1332681
58b3c4ee-7367-4624-b98a-8e7d490c1d4d,2023-11-03,0.55,Groceries,Pending,1110897,1689466
f41bfbeb-3eac-4acb-9874-37167a8b364f,2023-11-10,0.25,Housing,Authorized,1601817,1923460
c08d8691-2164-4040-b7e8-74724445ce34,2023-11-05,0.52,Utilities,Failed,1991546,1045543
280e3909-b7fa-491a-a1fb-501edb6485c1,2023-11-07,0.64,Clothing,Cancelled,1002476,1823988
8fd54ce8-7642-481a-b01a-9c9666029eb4,2023-11-08,0.56,Transportation,Authorized,1180011,1132123
bd4418d2-46ed-4ca9-82f5-f10425d72a97,2023-11-13,0.96,Debt Repayment,Authorized,1313587,1870276
c26a5dbf-6e14-4628-ae77-5d029f6f8ef0,2023-11-13,0.4,Education,Authorized,1398647,1055562
ae7a9f9a-8b74-42df-8650-6ed0de6b5395,2023-11-12,0.34,Debt Repayment,Refunded,1262965,1146642
bd1afd4a-800c-48c1-99fb-de8383bd5691,2023-11-11,0.02,Savings,Failed,1701404,1241470
5b0af68c-2ac1-4ee8-b8e9-39cf5f9ebbcb,2023-11-13,0.98,Groceries,Reversed,1311249,1221991
e8484200-096f-4771-9a0d-56e072302c4e,2023-11-08,0.76,Groceries,Refunded,1977510,1041058
dc18636e-1901-46ac-9228-7c9129ad8550,2023-11-12,0.88,Debt Repayment,Failed,1349242,1482693
ca47b037-ae46-4a62-83fb-381c6b12a77c,2023-11-03,0.78,Education,Completed,1617398,1359752
2a592fca-e693-4b97-962f-1eb3a7d02881,2023-11-07,0.68,Housing,Pending,1660281,1869891
e27eaa67-5c56-405c-8f81-b42ab6536c20,2023-11-03,0.4,Healthcare,Completed,1978924,1251985
a5a1cf62-facd-4328-8173-7b00e2d0d040,2023-11-02,0.21,Utilities,Failed,1984116,1927935
69afd8f2-fb5a-4319-ab2c-fdf88955a4ff,2023-11-02,0.88,Entertainment,Failed,1230683,1974456
e4c015c6-8712-4607-aba1-76100f26694b,2023-11-04,0.11,Savings,Cancelled,1130608,1620229
20230d6d-2be6-4f5b-adcf-c43eb70a8d29,2023-11-02,0.73,Housing,Authorized,1139266,1589126
e02c651c-0062-491f-9d56-3c4b9f73c8f6,2023-11-02,0.27,Savings,Processing,1405568,1036896
d200de17-2e92-419d-a36c-09eef180602f,2023-11-10,0.09,Utilities,Reversed,1481699,1623409
1eea9d51-025b-4803-91d9-17e69adb6650,2023-11-08,0.53,Transportation,Failed,1830111,1694122
0ebc63a3-dc38-4f3e-a4c5-f151f6ab5ed7,2023-11-04,0.2,Utilities,Processing,1225691,1273188
16bb8e07-1551-49b2-83f7-482e7a111195,2023-11-08,0.53,Debt Repayment,Cancelled,1557665,1755387
394996fc-8099-4181-9dba-cce816bf0212,2023-11-11,0.77,Savings,Reversed,1908480,1758161
1e915cf2-6ab3-4d86-8f07-97d2b7a64306,2023-11-03,0.61,Debt Repayment,Cancelled,1412667,1527181
25503aff-1c6a-4c7f-8e7d-be2fb66eb1ec,2023-11-11,0.82,Debt Repayment,Processing,1985401,1102807
c33152a1-8b32-4e1b-b31d-8630f9a22eeb,2023-10-30,0.08,Healthcare,Refunded,1498280,1896385
ef0da6f5-098e-46a1-871c-816a454a927c,2023-11-02,0.8,Utilities,Processing,1428604,1683336
57ce3c9d-2eb7-41c1-bafd-eb30737f4960,2023-11-02,0.63,Entertainment,Cancelled,1500107,1858822
7f665cae-08e7-4473-a0b7-9bf84a47518e,2023-11-05,0.45,Savings,Pending,1991068,1176836
064e9a1e-a95a-4a2e-885d-8268c0abe47f,2023-11-06,0.3,Entertainment,Reversed,1084549,1183365
cdd07514-a1d1-445c-9c37-b2b9c6fa644e,2023-10-30,0.8,Transportation,Cancelled,1806502,1413997
347b4069-733b-4aa3-8279-33f8f733ef12,2023-11-12,0.43,Clothing,Cancelled,1708901,1647105
36189f4b-329a-4aa9-bf34-fa3ca5f9749d,2023-11-07,0.11,Healthcare,Processing,1871121,1791793
6cdabbc7-5bae-47dd-a2a4-34e94be24499,2023-11-04,0.82,Education,Failed,1347207,1242695
816d7b42-f445-4742-819e-a11e4ad31943,2023-10-30,0.57,Debt Repayment,Completed,1980569,1880466
bda0bf14-2e61-4a9c-89b1-b8157b6158f9,2023-11-04,0.32,Clothing,Cancelled,1942322,1344159
a14e75b1-f43d-4f8c-92e0-48af22ce54a1,2023-11-11,0.33,Entertainment,Reversed,1996226,1268569
576d35a9-c023-450c-8cb2-55634431b36a,2023-11-11,0.83,Groceries,Authorized,1104553,1775721
b2c8b5e8-4baf-49ff-9b0c-b00e2207881c,2023-11-06,0.27,Entertainment,Cancelled,1750819,1558144
9ca6173d-1c73-4838-a098-dac9c4472ff9,2023-11-13,0.56,Utilities,Cancelled,1987794,1189327
6d64a46d-dd64-4bad-88b4-d9b07abbf4b2,2023-11-13,0.08,Savings,Completed,1582372,1624986
55a58841-9c0e-46ca-9106-da700db189ef,2023-11-13,0.23,Healthcare,Authorized,1917456,1143755
cd2d8095-bfa4-48ad-92d7-a3c56a329e63,2023-11-06,0.72,Groceries,Failed,1533049,1010114
8d49cddb-2931-41be-880b-37e77f2e57c0,2023-11-12,0.05,Education,Authorized,1036821,1208604
c19a93a1-e88b-44ce-951f-83fe794f6d82,2023-11-08,0.85,Transportation,Authorized,1919794,1854121
90e1a750-4b7f-4408-a331-232b23fed700,2023-11-11,0.29,Utilities,Failed,1273573,1333978
b2006170-1ff2-4bff-bc4a-db09e5cf3747,2023-11-11,0.48,Transportation,Authorized,1128012,1517038
840b39f1-f9e7-40fa-81c7-dfdd2eed1ec3,2023-11-04,0.83,Groceries,Failed,1289622,1974850
2de878d2-c7dc-4cd9-95a1-d8996117370a,2023-11-09,0.3,Utilities,Refunded,1075854,1261292
020d1adf-b4af-45f1-a819-87b57b709227,2023-11-01,0.78,Groceries,Reversed,1086288,1583843
a9e7965e-1a71-4fb4-a0bb-ed660e266151,2023-11-09,0.02,Clothing,Processing,1081247,1534103
42f74bc6-ad5b-4a4a-88f0-69039135f7b8,2023-11-13,0.43,Healthcare,Cancelled,1286829,1768258
dffaef6a-c283-42b1-9f19-95069c0f3f6d,2023-11-07,0.44,Entertainment,Failed,1122987,1840796
e501a4d2-7562-4009-bea1-44ef22a3c7bd,2023-11-10,0.0,Utilities,Processing,1479083,1454507
b7f5fa9b-7eca-43cc-a7d0-804c254cb974,2023-10-30,0.85,Transportation,Processing,1196316,1143829
42b4713b-7654-499c-a5c2-4305fb855654,2023-10-31,0.56,Entertainment,Refunded,1847039,1987669
37b22f0e-626a-4751-9b70-417da6d5c7a1,2023-10-30,0.65,Utilities,Reversed,1645439,1825324
f67d106f-cbc1-4a4c-bbf3-b6de55bc6d7d,2023-11-11,0.26,Education,Processing,1281897,1549963
59e43145-20bd-45c1-b0fb-ca31ee59b6fd,2023-10-30,0.59,Savings,Failed,1377418,1486701
90da6c80-b59c-4f4c-b531-6494836945a5,2023-10-31,0.31,Groceries,Reversed,1251994,1687693
4a87b489-824e-4898-afdf-508219ddeaff,2023-11-06,0.89,Transportation,Reversed,1013728,1544332
491a5085-50c9-4576-acd4-5df937d8e2d0,2023-10-30,0.4,Housing,Completed,1235793,1696586
b9c698b7-95da-4686-a9a6-98bdb6301958,2023-11-13,0.41,Entertainment,Authorized,1779392,1374974
0eef636a-43f2-44d6-8eda-196c5c88664e,2023-11-10,0.31,Groceries,Authorized,1431159,1793211
f3e715ee-96cc-4877-9642-e51b46695d61,2023-11-02,1.0,Groceries,Pending,1797709,1475288
7c35491d-88e0-4824-b44f-fb90ebf00b00,2023-11-01,0.6,Housing,Failed,1120737,1783310
cc2830d7-15f6-42d3-b435-ca0ca1fda3ed,2023-11-11,0.84,Debt Repayment,Authorized,1995921,1600835
c343f340-bfbe-4e7e-b4a1-95f43c3e9de6,2023-10-31,0.67,Housing,Pending,1745920,1028672
5c987f37-bfb1-47a3-99c8-62e98be7aafa,2023-11-01,0.59,Healthcare,Refunded,1271248,1067861
945adc98-b3e8-4225-8b53-03167d6d0e54,2023-11-09,0.01,Debt Repayment,Processing,1176497,1447561
67da95bf-c810-415e-bcbf-96e1143c73ee,2023-11-05,0.64,Savings,Authorized,1876441,1158851
3a393d2d-09f3-43fd-aa42-62665dff1e14,2023-11-11,0.04,Entertainment,Reversed,1847975,1903653
9a454550-e5f2-4ac7-8a82-cfdc8b06fde1,2023-10-31,0.5,Clothing,Reversed,1156177,1505868
f72e2f72-45d8-41fb-8e8f-e5b02fe9779e,2023-11-04,0.02,Transportation,Failed,1004082,1293080
7afae41a-c441-4ff8-be80-6cf73e8919f4,2023-11-09,0.45,Housing,Failed,1169335,1794726
77d85c40-6259-47ec-bab9-04eee73c8712,2023-10-30,0.09,Entertainment,Pending,1387012,1212294
22cba8c3-e287-4d79-a439-6500c43a76b2,2023-10-31,0.47,Clothing,Pending,1598912,1402621
d5f934c5-8bf9-4eea-bd6f-1ba91bd5822c,2023-11-05,0.33,Debt Repayment,Completed,1939943,1819463
94cdb50a-f564-441c-a204-1399331259fb,2023-11-06,0.01,Clothing,Authorized,1875446,1673840
95414998-b2c2-401f-b354-fd8ff219d5dc,2023-11-09,0.33,Entertainment,Failed,1303674,1449452
b930ff4b-ff94-43ef-a927-1b0fc86f0894,2023-10-30,0.96,Education,Cancelled,1299720,1534035
b47a062c-bd72-47cd-a1c5-4dc6b937aeba,2023-10-30,0.03,Clothing,Refunded,1006512,1901285
40f94ae1-b046-4867-a342-fb72d0d1848e,2023-11-07,0.39,Debt Repayment,Completed,1577993,1441781
200d7d58-66a4-4f66-945d-59ba813c2b9a,2023-11-05,0.54,Utilities,Failed,1610884,1787889
1a2552a6-84c2-4244-80a0-11225e64bc0f,2023-10-30,0.62,Healthcare,Completed,1330104,1169893
98307d67-c6f3-4039-a08c-fae345638956,2023-11-02,0.98,Entertainment,Failed,1888444,1042334
ff0f11ff-912b-4043-a0e8-fceaad72867b,2023-11-02,0.75,Transportation,Refunded,1230641,1584122
fe20e902-6abc-4fe8-9fa2-8b5e60b976b4,2023-11-10,0.39,Utilities,Processing,1127728,1858019
c5c21f16-9680-40d6-80fb-09a2bb9aea3a,2023-11-13,0.15,Debt Repayment,Refunded,1525949,1850123
140001f3-ab09-495e-bca5-603a4f498ba4,2023-11-08,0.71,Utilities,Failed,1773610,1323984
b9900a2a-b78f-4409-ba22-b7392b95961c,2023-11-01,0.88,Debt Repayment,Authorized,1993871,1360816
0bffce88-4280-4fe3-a480-61acaa9ad0b4,2023-11-12,0.31,Education,Cancelled,1055052,1842903
1576d8bd-dd8c-44d3-a0dc-ee8dda825ab0,2023-10-30,0.2,Groceries,Failed,1418227,1744425
202376af-ef3d-4d35-9876-cc98dc57174d,2023-11-11,0.6,Housing,Authorized,1230358,1356842
276f98b3-6258-4f26-a267-dfca10d52a24,2023-11-05,0.19,Healthcare,Reversed,1457693,1429730
4256dbe2-f7d5-4e7d-b4f9-961c235d51a5,2023-11-05,0.93,Utilities,Processing,1382656,1549761
ca7f9d90-0304-4506-aef0-9c212450d8e6,2023-11-13,0.56,Groceries,Refunded,1080538,1053813
9ca9fc4a-6855-4025-9de2-c9b3e663daf6,2023-11-08,0.95,Debt Repayment,Failed,1367912,1923573
1cb589e5-44d1-4dd2-869e-a4b4e3c21eda,2023-11-02,0.05,Transportation,Cancelled,1537853,1060355
b5e779ca-290b-4a9b-b043-049612c02799,2023-11-10,0.38,Savings,Processing,1245734,1139285
868c55b0-b158-42c1-9d08-74dc7e605e2a,2023-11-06,0.91,Healthcare,Refunded,1998883,1944761
ff808a63-bc13-467d-9570-da4b50568e60,2023-11-09,0.43,Healthcare,Processing,1367657,1286782
d6e8e154-dd9b-4251-873c-6994810bca15,2023-11-02,0.13,Groceries,Reversed,1483994,1678363
d90fadeb-9560-42b4-a264-8ce4d753e43e,2023-11-10,0.61,Debt Repayment,Reversed,1295407,1648491
23c28a4a-87a7-4b06-be84-ed3c55a5bcce,2023-11-08,0.61,Groceries,Pending,1842682,1758945
ba9e6701-0a3d-45fb-856b-9e11c087a04d,2023-11-08,0.81,Groceries,Reversed,1917748,1752487
91f2b413-95ee-4494-8514-12fc4bcaf800,2023-11-08,0.92,Entertainment,Pending,1230318,1584274
f013083e-1c1a-43bf-9834-3c911bfe0545,2023-10-30,0.8,Housing,Failed,1455434,1333174
b511ce82-6cd8-4e70-b6e4-7460649dd173,2023-11-06,0.76,Education,Authorized,1747737,1897873
d2fb1aae-559a-4156-b666-77691badfb37,2023-11-02,0.55,Healthcare,Cancelled,1740593,1404082
b7be2e58-3848-4e54-92dc-b71e022749c4,2023-11-07,0.2,Entertainment,Cancelled,1672849,1799354
80ce0598-0a60-4066-8cd4-369489c88bf0,2023-11-07,0.91,Debt Repayment,Cancelled,1781624,1302891
579c287a-2332-4129-95f2-e99146080bfa,2023-11-01,0.71,Utilities,Pending,1791975,1599772
bdeda4ee-5d76-40b0-a728-6a1cdc30d5d3,2023-11-02,0.16,Housing,Pending,1401818,1131490
cf8ffdbe-7eb7-4fcd-9d4c-3ad422f3ca12,2023-11-07,0.87,Healthcare,Authorized,1495465,1555836
e458cd0e-4310-4291-aeff-655d3c3d9ae6,2023-11-09,0.05,Education,Processing,1085980,1438761
34c3b932-f6cf-4966-bce4-8c1adefbacf2,2023-11-05,0.16,Savings,Reversed,1909912,1582307
db0b8cc3-be5b-4ef7-87a5-23b4bba719e0,2023-11-10,0.34,Entertainment,Cancelled,1185954,1417686
b82daa11-34ac-4227-81ae-0b86deee51a4,2023-11-02,0.4,Transportation,Pending,1213559,1307270
5538b710-ac54-4b34-8afc-ae1a98d6c403,2023-11-04,0.13,Groceries,Processing,1332888,1698208
5ae61896-c94f-4809-9694-e1cab2a7b814,2023-11-03,0.17,Entertainment,Failed,1780775,1755100
9f846f89-2c5f-4d3a-a391-d3b5d81b6281,2023-11-11,0.58,Debt Repayment,Reversed,1061582,1988986
81e25d8a-bd95-4b27-b604-320b879dace8,2023-11-01,0.78,Education,Reversed,1269134,1335621
19656f2f-b197-47a6-b921-4f8cf4fd9507,2023-10-30,0.3,Housing,Refunded,1753112,1724453
2a2796f0-589b-4eb8-84cf-550da942b33e,2023-11-10,0.35,Housing,Processing,1495629,1229693
36013835-b03e-4e6a-acf5-4baef8268a8e,2023-11-09,0.37,Utilities,Pending,1552273,1190346
96bd72c2-38d8-47b3-afd1-fb5d46fa9783,2023-11-04,0.87,Housing,Processing,1763890,1350369
f1d95967-2fe1-495b-a03a-89dc55921368,2023-11-12,0.44,Groceries,Failed,1412898,1760642
06c31486-62dd-4144-84c0-04e07c0a303d,2023-11-07,0.38,Entertainment,Authorized,1744107,1140690
6020fc11-cd5d-4cda-b7cf-7a5cc067697e,2023-10-31,0.7,Housing,Refunded,1335208,1586540
26d00945-2648-48f6-a25e-986e428079ca,2023-11-02,0.33,Entertainment,Processing,1803415,1482734
c29a747d-66aa-42fc-a646-9b004fc1f7fb,2023-11-11,0.35,Groceries,Authorized,1535974,1694542
78efb90c-f989-4075-9f95-b1733983fe54,2023-11-06,0.62,Education,Processing,1585387,1872044
259ab47b-a579-4135-b5a1-851e4fd022c3,2023-11-10,0.33,Savings,Refunded,1275702,1228937
0668ec5d-724a-4155-96d9-c77f148de5ac,2023-10-30,0.67,Transportation,Reversed,1693091,1966579
82aacaee-4d2b-48e0-bfbb-8dd982ff0aae,2023-11-04,0.31,Groceries,Failed,1735234,1650312
c8edd820-03fd-4d92-8628-b41c3780aaf2,2023-10-30,0.22,Entertainment,Authorized,1903063,1972368
8f3bfb98-71ef-4d6c-b931-a6e76b330e4a,2023-11-02,0.82,Utilities,Authorized,1343075,1105725
2d347153-b2dc-4c1c-94d1-5e501c15f4ca,2023-11-12,0.24,Utilities,Refunded,1268370,1864631
265dc4bd-d707-42ca-ab06-61627b1c3dc7,2023-11-06,0.03,Housing,Completed,1024877,1757203
5592e3ed-ad9f-4e42-92c5-fa7934a57dc4,2023-11-04,0.27,Healthcare,Failed,1751562,1752210
f7ebd5f6-e23d-443f-b3ac-ac92327cbaed,2023-11-12,0.22,Debt Repayment,Cancelled,1117997,1290733
0542912e-2540-4551-88ed-f36ea74398c2,2023-11-07,0.78,Entertainment,Completed,1712056,1399658
41884a55-8df8-4037-8132-c392009100ef,2023-11-05,0.72,Education,Processing,1653919,1284165
1adbb6a6-1651-4ae6-9efa-abc3480f2fab,2023-11-05,0.25,Clothing,Refunded,1939562,1500311
54a52375-bcf1-48ed-bde0-da3d6196a500,2023-11-01,0.92,Education,Cancelled,1040439,1257721
1bc417a3-1e0f-461e-9196-9decb8895fdb,2023-11-08,0.29,Groceries,Refunded,1106292,1882628
ec2ad1b3-5bbf-4cab-a4d0-3b6f880a68ee,2023-11-09,0.25,Transportation,Processing,1683623,1470041
63e799f2-2ab5-4f45-a345-1ba15f6d211c,2023-11-13,0.57,Utilities,Failed,1298565,1486448
cb53f350-6c55-440b-88de-fdd11886c290,2023-11-01,0.57,Utilities,Authorized,1015987,1930147
19ef1550-e4ba-47c5-b68f-ce4b1b057af3,2023-11-06,0.63,Savings,Reversed,1349359,1874747
23943aa9-251d-4c8b-8edc-bc887fc906d4,2023-10-30,0.67,Savings,Completed,1074468,1469026
97c90412-afe0-474c-903a-9538f48ead37,2023-11-09,0.3,Entertainment,Cancelled,1565547,1385509
4a2e6cb9-6be2-4d3e-9ee6-d07235bc1576,2023-11-04,0.04,Debt Repayment,Processing,1540629,1853725
da4d5f06-2ae6-43d8-8a1e-1416fe9ffb71,2023-11-03,0.13,Housing,Authorized,1350958,1992361
cc78c831-7607-475a-819f-ccb1d7945a4d,2023-11-12,0.83,Groceries,Processing,1124989,1298637
3f91251f-2333-48a9-90da-dfe07a8dce0f,2023-11-09,0.66,Housing,Authorized,1925478,1905849
63d8884b-49b7-45fa-a5c9-1d5e5c1e0774,2023-11-02,0.6,Savings,Authorized,1704519,1075093
d348bbb6-aed0-4fca-9eab-740025c74dcb,2023-11-13,0.17,Clothing,Authorized,1838703,1684430
c2053e16-aed9-4a69-9cc8-1be177fc02cb,2023-11-04,0.28,Groceries,Reversed,1065253,1112517
1411c965-1feb-4ad8-ba11-34271654f0b4,2023-10-30,0.72,Debt Repayment,Refunded,1340199,1516445
382c6b69-cb88-45e4-9664-1d0b8b33d0c3,2023-10-31,0.29,Education,Refunded,1665645,1891722
7f0bd746-52d5-4276-acf8-5183dbc8b1d8,2023-11-09,0.14,Clothing,Failed,1229003,1146498
5dc54bef-84e1-4435-9a5d-4cc3643033fa,2023-11-02,0.02,Savings,Cancelled,1662263,1634072
1cbb5e1a-4476-4b46-9873-cafc2d5848c6,2023-10-31,0.87,Transportation,Pending,1742903,1207000
97988a10-1087-4d71-8839-7de7433dfa03,2023-11-12,0.97,Housing,Reversed,1620397,1144168
1012053f-3f91-4661-9417-0f2f9501b140,2023-10-30,0.86,Utilities,Refunded,1905997,1557857
94f6dc7e-a258-4a88-9f18-2b2e4ac7609c,2023-10-31,0.31,Transportation,Pending,1017684,1887300
3cecc9d0-86f8-47c3-b111-2b5722504bae,2023-11-05,0.35,Groceries,Processing,1348595,1169228
2bcb8e32-5490-4d4a-b014-f71f063054c8,2023-11-01,0.15,Transportation,Processing,1109084,1055681
b8da6cbb-ff5c-47d3-88ac-9c98e3408e82,2023-10-30,0.5,Healthcare,Cancelled,1147437,1655636
954da1f2-1828-48b2-9e1b-d83f5b1e451d,2023-11-06,0.88,Savings,Processing,1656512,1726706
93310a88-f1c2-4942-a1d9-c268cd4afc93,2023-11-12,0.9,Groceries,Reversed,1956256,1025388
c56c8d25-a685-4c18-b37f-de599b0faecb,2023-11-12,1.0,Clothing,Refunded,1916755,1425595
35c58c01-c3eb-4683-9fbf-4eb76dc5335b,2023-11-11,0.06,Debt Repayment,Failed,1062972,1422018
d95d46ac-335a-4ea0-b1d3-6eeca28e9e18,2023-11-09,0.05,Groceries,Failed,1433108,1800740
05c4950e-304d-490f-b545-899551c705be,2023-11-03,0.79,Housing,Processing,1479742,1555987
361bff35-5716-4e9a-ba5f-339428041a2e,2023-11-04,0.11,Debt Repayment,Processing,1756252,1568537
979e645b-8df6-42f7-9443-986cbacae589,2023-11-04,0.27,Utilities,Refunded,1629071,1462440
54008711-67e4-42de-a9d5-81a3ded744b1,2023-11-12,0.69,Savings,Completed,1467544,1443781
cfb91170-22e8-4971-afc6-b78b37baca57,2023-11-13,0.33,Groceries,Completed,1711424,1772237
88596373-30d0-41ad-ad35-a4b68a293d8b,2023-11-03,0.57,Entertainment,Processing,1298995,1599322
be7acfc6-754e-45d6-9f5e-5f8fb79af745,2023-10-31,0.79,Transportation,Pending,1920374,1276955
d06b007e-2ff7-4868-92e2-f5a50fdaf2d0,2023-11-12,0.08,Clothing,Failed,1345016,1773433
1ff25ed3-ddff-4e09-afe5-bf5edbc9fe09,2023-11-05,0.81,Entertainment,Failed,1337174,1632473
e1161012-6175-450a-9b8d-0f91db666903,2023-11-11,0.93,Clothing,Reversed,1782257,1916441
0546fa60-e999-44ae-80a7-876cbdefa9d3,2023-11-05,0.77,Clothing,Processing,1463232,1148483
0d48a5b2-44b3-4ca5-9591-52e24e96ac81,2023-11-05,0.02,Utilities,Processing,1606715,1793381
4fc96dcd-e45d-451b-9d37-f06f175ae70a,2023-11-01,0.1,Healthcare,Completed,1412420,1591823
7a2b8a73-f247-4950-8f22-d1e9ce405a73,2023-11-05,0.59,Groceries,Reversed,1781186,1896477
6678b9d0-b79e-443c-bef2-66149a521797,2023-11-12,1.0,Transportation,Failed,1111164,1943674
9b284dc9-a0ac-447e-8cc6-0f14f9c9c3d8,2023-11-12,0.42,Savings,Cancelled,1564428,1450630
34ac8d9a-8b8b-4bdd-bd6f-6a451737e31e,2023-11-07,0.7,Groceries,Processing,1839846,1466079
3dd891a2-6524-4c89-9658-62b9f7ae0260,2023-11-05,0.68,Savings,Pending,1579150,1923773
e8a9792d-25a5-49aa-96a8-ef3b05a2492c,2023-11-12,0.14,Utilities,Reversed,1536954,1673703
2357416b-cc26-4e64-8971-cb8ed2c0dd19,2023-11-11,0.14,Healthcare,Completed,1321589,1978478
ef2404d7-2861-4c1d-9de8-c42533506dab,2023-11-13,0.14,Clothing,Completed,1645947,1600211
aecd62c6-3a4c-4bd7-baef-58a2d91fa7ee,2023-11-10,0.96,Education,Authorized,1207050,1538096
a2078c51-cbf1-467d-8e15-7945f6fe8db4,2023-11-03,0.58,Savings,Authorized,1000669,1286355
70b8f2fd-1bb5-4b2c-8f2e-4d850a64975a,2023-11-06,0.0,Groceries,Failed,1769531,1920443
81f681e2-bdac-4317-968d-daa9835e94fb,2023-11-04,0.08,Housing,Reversed,1765561,1329316
2c233ee7-9664-4bba-9515-f1e631f2c258,2023-11-06,0.45,Healthcare,Authorized,1474512,1086474
55e8fdf4-4c2d-4396-826b-09cc692f0cb6,2023-11-06,0.65,Utilities,Authorized,1025045,1868535
16478cf6-71cb-404f-bdfc-dfa3eaca6014,2023-11-07,0.22,Healthcare,Refunded,1875564,1975004
84c6ffe6-870e-44e5-8f61-c120a52b9b50,2023-11-05,0.48,Education,Cancelled,1256818,1549981
be4728be-9a08-4da9-859f-4c7b6334390d,2023-11-04,0.69,Education,Authorized,1851517,1297499
408a6d1a-23e9-4a1a-8423-336cff2a0d3b,2023-11-10,0.61,Savings,Authorized,1299633,1627382
9df4fc93-198f-4ddf-b415-12d04c3fbd21,2023-11-13,0.39,Utilities,Processing,1841573,1563091
0cb0e393-62ae-4b18-9593-4f24dbb7b2d8,2023-10-31,0.0,Education,Refunded,1088025,1075019
d761f38c-ec31-4cb4-8704-ac02648d5c45,2023-11-02,0.84,Savings,Completed,1770046,1019218
5e23e767-dffe-4253-94e7-f4ac9420f0e7,2023-11-07,0.45,Housing,Cancelled,1732185,1382611
98a2cf59-0aea-4377-8403-46168eb08855,2023-11-12,0.59,Debt Repayment,Completed,1008188,1201869
cf19db0b-5789-478d-9681-ceeed6b755ef,2023-10-31,0.17,Debt Repayment,Cancelled,1037708,1590216
581c1991-eff6-44d6-91ad-03183b5123fa,2023-11-10,0.53,Housing,Processing,1639468,1944340
a2f86427-03b7-46fe-a89c-50cef344f538,2023-11-06,0.4,Entertainment,Authorized,1168473,1435723
13a6a883-bff9-438f-a9d8-576bc2c9d34c,2023-11-01,0.64,Savings,Authorized,1368098,1195437
e33190ce-881e-4046-800b-1ebc673bd8b7,2023-10-31,0.84,Clothing,Failed,1966646,1475719
853fbae1-7680-4ee0-af13-f38fc9303dd7,2023-10-31,0.85,Education,Failed,1810311,1465564
9daa16b0-7cf5-40a8-ba81-4ef57d7b5400,2023-11-07,0.99,Groceries,Failed,1845399,1743811
d4f34c0e-063b-41d3-9f95-7e2b1213a9c0,2023-11-09,0.78,Healthcare,Completed,1199525,1454002
6d85070c-5d2b-4527-889c-d47d0f9dda88,2023-10-31,0.03,Entertainment,Processing,1964561,1837977
e4a03dd4-8b84-4f89-a8f8-392fd84652c9,2023-11-08,0.88,Debt Repayment,Cancelled,1352314,1715910
f3efafaa-059c-47cb-9334-556b90263d36,2023-11-02,0.88,Utilities,Processing,1163218,1614061
3b5997a9-183c-478e-af1c-ebfe0e0d0418,2023-11-04,0.81,Clothing,Completed,1953756,1103849
ccead88a-babd-4ab4-bed4-2a2f4b974b35,2023-11-01,0.88,Groceries,Failed,1012303,1057283
dd126b15-bad6-4b27-9ab7-b641bb335317,2023-10-30,0.19,Healthcare,Refunded,1888121,1257527
aa1733f5-8e97-4fea-87d3-7b2caf776eb5,2023-11-08,0.6,Utilities,Failed,1872120,1596421
6d465108-c3ec-4dad-89b4-733ef1c385a8,2023-10-31,0.97,Transportation,Failed,1928573,1743949
b15ca1d8-a359-42dc-9f60-9d248b73681a,2023-11-06,0.53,Education,Cancelled,1096253,1672895
69fb51b1-488b-4211-8d1d-f076bcb42162,2023-11-04,0.21,Healthcare,Failed,1822136,1268398
bc6b3b6a-89cd-420a-8751-27899dc05216,2023-11-09,0.61,Clothing,Authorized,1658517,1732615
961b242a-01c2-4971-91e8-aa6c3fdd8d1a,2023-11-08,0.69,Housing,Pending,1990906,1952100
a70548c9-b365-430e-82d8-a34e8b250ad4,2023-11-01,0.27,Housing,Processing,1729045,1668321
85af259b-ddcc-4700-9650-5d65cd150e17,2023-11-04,0.61,Transportation,Cancelled,1511199,1280497
fbe8b97d-a519-4d51-ad01-612d780c6731,2023-11-08,0.28,Utilities,Pending,1988842,1656814
2710bffe-a20f-4cf4-9729-39a7fde678f2,2023-11-05,0.87,Clothing,Refunded,1506563,1679857
ae4a2b5e-b2a7-4003-89b4-fd9a19a70ee1,2023-10-31,0.63,Savings,Authorized,1182316,1721991
c2eb9604-d7d3-497c-a0ea-405ac8df03ae,2023-11-06,0.16,Education,Reversed,1542769,1792124
8ba92655-d0a6-479b-a579-b6ef5daed577,2023-11-11,0.45,Groceries,Reversed,1710357,1797108
d60652f2-f51f-49d8-82f5-f9bf34eb3054,2023-11-01,0.15,Healthcare,Refunded,1580268,1698391
cac954b2-8b4e-4c40-bc5c-3a8590fceaca,2023-11-07,0.55,Housing,Refunded,1412710,1707580
8093a4cf-2652-46b0-ac4e-ee7c2a90c081,2023-11-12,0.95,Utilities,Failed,1897649,1651371
00cd3063-e8c5-478d-8f53-0d0c26e0bb9e,2023-11-05,0.58,Entertainment,Processing,1525297,1194375
78105dc7-1d4a-4e59-9678-953096ddfc93,2023-11-06,0.32,Housing,Reversed,1292885,1261192
520fce86-6b95-4649-94fb-67b1ec6715d9,2023-11-06,0.47,Groceries,Pending,1134759,1360452
1c4236f7-6f4c-42d7-b514-c4016aaa5c18,2023-10-30,0.49,Utilities,Authorized,1983666,1173046
20fd6aa1-a87f-43d5-aa0d-2a36a469908d,2023-10-31,0.75,Transportation,Failed,1511012,1032519
85ec9f21-64f6-45e8-b729-1e6b19ce4ed4,2023-11-10,0.13,Healthcare,Refunded,1384938,1112877
2e5bd5e9-bfa3-4659-8312-8cdaf99de0a7,2023-11-03,0.99,Utilities,Reversed,1237403,1020029
ca713a0c-ecf6-4cbe-9b2f-44b642369993,2023-11-08,0.65,Utilities,Authorized,1125054,1603082
96db61fe-e7f1-4cbf-b640-5a7fa1c18ffd,2023-11-05,0.71,Clothing,Pending,1826908,1205595
fde43d56-0369-489b-8c08-76e9871c3601,2023-10-30,0.78,Healthcare,Cancelled,1307309,1105406
47bec2c3-d486-4fcb-b34a-5390f82b58b3,2023-11-06,0.38,Groceries,Pending,1183368,1292071
fe6be971-2d17-453c-bee9-40958a1cebb0,2023-11-08,0.61,Savings,Authorized,1944128,1610350
f43dd407-a2a1-498e-b3aa-9b0e64e785ab,2023-11-11,0.82,Healthcare,Completed,1705987,1981557
378050f2-5a9d-45eb-91bd-122568f2798d,2023-11-08,0.9,Savings,Reversed,1781750,1604361
1e1a8e6e-16d2-48aa-9049-223c2da61f00,2023-11-13,0.36,Utilities,Processing,1787379,1425896
e3229d3d-2f86-414e-98df-6e8ae7b0f913,2023-10-31,0.87,Clothing,Reversed,1896506,1994195
fb907018-6316-43d2-8e2c-39ba0f6ab8a7,2023-11-01,0.49,Utilities,Cancelled,1029186,1611830
ee077646-2a48-4bf4-8241-38cc2649d4b1,2023-11-02,0.67,Savings,Pending,1844364,1666388
0a961d50-5fb4-4384-9597-5ec4cb3264b3,2023-11-08,0.25,Education,Refunded,1995799,1047594
ac067595-44d2-42a6-b80a-0858ba52fb8a,2023-11-03,0.49,Education,Completed,1634484,1827175
b70509c4-40f2-435e-8401-7726dd8165a0,2023-11-11,0.9,Clothing,Refunded,1088203,1083558
38f18bb2-1d8b-4997-8e2d-931c66346712,2023-11-09,0.94,Clothing,Authorized,1170231,1214020
f63c36c3-74f5-4bc5-b95b-26885642a1bf,2023-10-30,0.96,Housing,Reversed,1163477,1220667
77d657f3-80d9-4c49-bc2c-9065daf1e2c4,2023-11-07,0.32,Transportation,Refunded,1679948,1805648
c0c7587f-b9f3-4b71-9c02-0a3af05405cf,2023-11-12,0.7,Entertainment,Pending,1889834,1650819
08e34f47-fe41-4ea8-973d-2d62244e45c0,2023-10-31,0.19,Transportation,Refunded,1449992,1851004
0d0638ec-e0ef-4931-b2ca-d8dfd91b4d01,2023-11-13,0.44,Groceries,Cancelled,1016654,1150843
b0b82fd2-acdb-4cc9-8b89-0d58e845a3b3,2023-11-01,0.02,Utilities,Completed,1167375,1822585
b0b863ae-6f97-4e9f-b026-4999bd3da5d5,2023-11-13,0.59,Transportation,Refunded,1286804,1696521
8659c5fa-1ca2-4aaf-9b3a-974b030ebaa7,2023-11-01,0.27,Healthcare,Completed,1962611,1048260
a0ad69c3-4efd-4bee-b0ec-c93819b97f7c,2023-11-04,0.67,Savings,Failed,1687563,1736185
6ec22066-168b-45eb-a66b-f6cbd4b24421,2023-11-08,0.13,Education,Completed,1168529,1821147
3e57f817-8071-4375-b938-24a56c1b332d,2023-11-08,0.6,Clothing,Failed,1579537,1815784
b2b4100d-e31b-4382-927d-41a812d6e5e5,2023-11-12,0.07,Transportation,Pending,1465911,1998631
1e7a7c27-6ff8-44b4-b43a-ce90bbc2b61b,2023-11-10,0.17,Utilities,Pending,1426547,1495197
adb80d11-072d-4539-9803-e427ce200e9d,2023-11-04,0.2,Debt Repayment,Reversed,1636416,1849540
99f417df-a4ea-4f08-a6ca-71288f4bfa9b,2023-11-01,0.21,Savings,Refunded,1638658,1221912
3e851f63-7723-4bd4-ae3c-b0668cf47a73,2023-11-10,0.68,Housing,Cancelled,1496457,1922888
d6d57fce-15ff-454e-a35f-b2403f9488c4,2023-11-07,0.89,Transportation,Failed,1681797,1009290
fbd3fd17-f561-4dda-9b1c-4b5e0c75504e,2023-11-13,0.81,Debt Repayment,Authorized,1045251,1100870
4b673152-b67a-4f36-b730-c8dfd7cd1e88,2023-11-08,0.32,Transportation,Failed,1572113,1435233
a3daf179-92be-46d0-950d-568cee9783c3,2023-11-12,0.71,Transportation,Authorized,1609170,1702311
2c83c4ec-986c-4187-8b7c-fa6b5d69c838,2023-11-02,0.11,Debt Repayment,Completed,1185467,1621987
4bcf69aa-88d6-47d4-859e-dbce0f02729c,2023-11-12,0.83,Groceries,Pending,1848267,1606493
bc5b0e80-2f89-4ce6-a9bc-a41cc1e75a78,2023-11-06,0.32,Groceries,Processing,1603791,1284423
c937e0a3-24e1-411e-a62d-63431789b1a3,2023-11-02,0.14,Education,Pending,1742539,1101125
d9a3c6cb-f93c-4673-8951-9a82083d4507,2023-11-01,0.97,Transportation,Authorized,1016861,1518608
9aea0cba-170f-4b03-9af3-376180ef0849,2023-11-02,0.46,Housing,Pending,1924075,1791766
3d4f3a77-ef13-414a-96a9-50eeb2d2b05f,2023-10-31,0.75,Entertainment,Authorized,1551166,1703685
65fe46c0-d971-4019-90e6-6e390b84abc3,2023-10-31,0.98,Debt Repayment,Authorized,1401774,1853746
50a3b88b-7a4b-469a-bbe9-3833015642bb,2023-11-12,0.84,Healthcare,Reversed,1609092,1563806
a4fc5854-afee-46e6-b29b-83f59f19bf33,2023-11-06,0.43,Groceries,Authorized,1975493,1905598
a2570897-db0f-4fe7-9a74-541d573f8280,2023-11-10,0.66,Clothing,Pending,1122236,1715310
5299d1a1-f762-4d86-9492-09062656cb4e,2023-11-04,0.17,Housing,Processing,1739715,1579052
c563773c-f277-4be5-b9f3-34ce8cde25f6,2023-11-02,0.71,Debt Repayment,Processing,1479357,1485196
d0349cd0-e7dd-4b4e-b7f0-e616c0466648,2023-11-09,0.93,Entertainment,Authorized,1112021,1837224
72e17663-6272-44fd-8ee3-73a47652e4a9,2023-11-12,0.48,Housing,Authorized,1167717,1148015
8868b4ee-9720-45da-91a0-def6391fcee2,2023-11-01,0.07,Transportation,Completed,1671042,1295308
ef1a3734-7d51-4274-8766-08a6f801ce48,2023-11-10,0.62,Debt Repayment,Authorized,1081917,1601030
e17180c3-34ec-4499-865d-378754c22336,2023-11-07,0.02,Debt Repayment,Authorized,1780071,1583887
7ce999d3-39df-4b3b-8588-8bc2970946d2,2023-11-13,0.62,Entertainment,Pending,1830489,1020186
96eebc8b-e64c-4f44-b468-1fec16cef363,2023-11-03,0.57,Debt Repayment,Completed,1138805,1373208
357810b2-d00c-46d6-826c-b098bbb25260,2023-11-12,0.49,Healthcare,Processing,1883378,1457656
32a9db64-7369-4fe2-bd50-4df4c85a064f,2023-11-08,0.08,Entertainment,Cancelled,1145849,1484550
b1ab8f99-2be4-4637-b3eb-c1bda1fe3226,2023-11-06,0.15,Debt Repayment,Failed,1125228,1768102
fc95b322-f526-4557-b880-279e7689010e,2023-11-02,0.38,Savings,Refunded,1333386,1487307
80b9855a-bcb2-48b5-a31d-1faa8b2f2705,2023-11-13,0.43,Savings,Cancelled,1578487,1654481
b7aebd13-70bb-442b-9caf-c67fee1f0dc1,2023-11-04,0.4,Savings,Completed,1628685,1481836
5e88eb7b-7181-498d-ab6b-2beed3c25065,2023-10-31,0.76,Healthcare,Cancelled,1505974,1949395
daeea3ad-cbc8-4f4a-90aa-73e50d64ba9f,2023-11-03,0.71,Clothing,Completed,1825835,1726704
309de5e1-8721-41fc-9b2e-e6b48ed0ffad,2023-11-05,0.66,Debt Repayment,Failed,1328967,1317165
fcfdfce7-d109-4298-90e6-54d813ad7ba0,2023-11-13,0.2,Savings,Processing,1204964,1188428
145abb7e-4967-48e2-8fb7-712a641548da,2023-11-01,0.49,Housing,Failed,1045394,1251245
aa63603c-93d0-4da7-90be-315016d1eeba,2023-11-03,0.92,Debt Repayment,Authorized,1851994,1410810
04e100ce-99e6-4009-9d36-a51abfca4ff4,2023-11-08,0.95,Debt Repayment,Pending,1398486,1075491
7d748e37-e5ec-4936-85c1-41c52818c7a7,2023-11-04,0.48,Clothing,Cancelled,1451275,1747303
68b06886-2645-458c-be4f-34fe61bcda6d,2023-11-02,0.52,Groceries,Cancelled,1254062,1424361
c190b4a3-d514-4aef-8b7b-f11e657f5bf9,2023-11-10,0.53,Education,Processing,1793360,1393701
06ffa138-93bb-4d50-96c2-34f09c65148b,2023-11-07,0.66,Groceries,Completed,1722315,1051315
90f97a7c-f12b-410c-96b3-0fa890e43f68,2023-11-04,0.06,Clothing,Cancelled,1605666,1363574
035c3bdd-506a-43c0-b3e3-a3f2be886dd9,2023-11-08,0.31,Debt Repayment,Completed,1318951,1089196
102c0a00-7fa5-411f-a156-d28b9844ddfc,2023-11-05,0.61,Education,Refunded,1766326,1474739
a3299a38-bd93-41fd-85aa-f33046da28f6,2023-11-11,0.45,Clothing,Refunded,1057946,1323026
4cb09fcc-ae32-4b24-9bbd-4c5f94192adb,2023-11-09,0.66,Debt Repayment,Pending,1364381,1455088
f9d94e32-725d-4bf6-954c-b6d8d5148f83,2023-11-06,0.98,Healthcare,Pending,1402487,1239730
f5049afe-a938-4929-a4ba-6a7e02f82467,2023-11-04,0.98,Healthcare,Reversed,1951571,1142103
1022e27e-492f-4023-8003-a23907567de4,2023-11-11,0.89,Healthcare,Pending,1258780,1384441
59f4cabe-82ed-4b77-b335-8fcc5b7c18fb,2023-11-07,0.86,Groceries,Refunded,1417257,1112931
e9bbbde7-59d2-4063-81e2-81e3843bb59d,2023-11-03,0.04,Healthcare,Pending,1181421,1240572
75090762-8808-49da-afd5-c4c90a19d2bc,2023-11-05,0.35,Healthcare,Reversed,1654392,1887019
2aefb594-2cbb-4af4-b5f8-1fdd8ce3c7de,2023-11-04,0.51,Transportation,Cancelled,1963864,1493713
75e03a7a-5bdd-4e18-b3f4-9f5057b2250e,2023-11-12,0.79,Housing,Reversed,1927378,1881786
172d9986-5c6e-4109-87c8-524cef2ce5e8,2023-11-01,0.23,Housing,Pending,1748552,1673421
ba401969-ad28-4406-9c04-d1db82ff21eb,2023-11-08,0.45,Education,Authorized,1277574,1566198
0a44a600-7d6c-4320-b661-ff8d09fa69b1,2023-11-08,0.18,Clothing,Pending,1694580,1193644
449dabc0-8439-4d4e-a7a1-d0b7b6c4a895,2023-11-08,0.48,Debt Repayment,Authorized,1777257,1566153
cf69b79b-8ab3-449d-9087-f84456baaef2,2023-10-31,0.13,Utilities,Authorized,1673637,1918432
cd5871fe-ff17-4756-93ed-ae6ceaef3c40,2023-11-03,0.1,Debt Repayment,Cancelled,1077684,1293702
fd89b275-5173-4d38-bf16-3c3c4a72e56e,2023-10-30,0.69,Savings,Reversed,1183289,1476376
2d7b4819-9d33-4957-8f12-066cf1941c8c,2023-11-02,0.58,Debt Repayment,Authorized,1979420,1709258
d8e646ab-749c-42d8-84d8-d9acb404af82,2023-11-04,0.34,Entertainment,Authorized,1713788,1870056
13c835f1-77a8-4c87-8b5a-97c337a60ce9,2023-11-02,0.99,Education,Completed,1046433,1845761
80e1665a-a2e2-4d3d-bde3-56b70c3b2b9a,2023-11-13,0.67,Utilities,Failed,1508224,1814142
d03acae0-21fb-47b3-85db-4e79b9b85da5,2023-11-06,0.75,Groceries,Pending,1673673,1550438
3f8fc80e-0ff5-4f00-9cc9-1b1218466190,2023-11-03,0.54,Transportation,Pending,1797916,1614988
8a434e32-47c3-4cff-b9f1-94bdd0a87e8d,2023-11-11,0.33,Healthcare,Completed,1385670,1527160
a4a6f7c3-7c01-429b-b872-aa52c61b159d,2023-11-12,0.15,Debt Repayment,Processing,1150700,1914738
95513812-7141-4e63-ae8b-fb62794b71ff,2023-11-13,0.06,Entertainment,Cancelled,1907869,1390889
12dd5a87-3bde-4712-bb56-d0d88548e1a9,2023-11-05,0.75,Utilities,Authorized,1624958,1701966
2ee44487-23b9-4956-b537-d5c8b63a4463,2023-11-07,0.65,Utilities,Refunded,1928958,1791121
d1a6d369-5cc9-46da-a953-e981d6837b14,2023-11-02,0.8,Utilities,Refunded,1136759,1007180
73c20fb1-2cca-44cf-8d6c-251310cbbf59,2023-11-13,0.25,Savings,Refunded,1263952,1398942
c2cfd439-c6af-421b-b817-fdd8afd706c5,2023-10-30,0.95,Debt Repayment,Refunded,1536732,1829890
1bd213d2-6487-415c-a768-4e3a7ac8177a,2023-10-30,0.99,Utilities,Cancelled,1711381,1171458
8ec18c2a-06ff-403e-ab4b-5dfbd6227f56,2023-11-03,0.5,Entertainment,Refunded,1608389,1872295
ede24c68-c754-4556-a415-1a9490e6c0a5,2023-10-30,0.43,Debt Repayment,Authorized,1074532,1689189
3990fd0c-44a8-44ee-9670-500f4f69554e,2023-10-30,0.46,Utilities,Authorized,1823604,1714037
226645fd-7cea-485c-b50a-a42cf85f8658,2023-11-11,0.16,Clothing,Pending,1528788,1030674
d7714a32-fc0d-480d-bc6a-bbf6ae0af2c6,2023-11-10,0.23,Healthcare,Completed,1452257,1025654
16c0c8e4-94e0-4d86-9570-acf12fd57223,2023-11-07,0.2,Entertainment,Processing,1589858,1669452
116d8c04-32e5-4758-b41c-78f40c51005e,2023-11-07,0.33,Housing,Failed,1974321,1645778
0473ab3c-ce07-4332-a248-5af02a1f483b,2023-11-12,0.89,Education,Cancelled,1773084,1124714
a5ab8ff4-b9db-41ec-b2ee-c000bbfbc7a8,2023-11-05,0.72,Groceries,Pending,1632486,1260457
16656409-497a-449e-8b1f-3f4828c25544,2023-11-12,0.48,Education,Authorized,1810363,1104681
f6a9d6c0-c09a-4258-ae6e-a2a72ac2d4a0,2023-11-11,0.77,Groceries,Failed,1843931,1242978
c4054c76-e42a-4e12-a167-cdd47e1b6bd7,2023-11-02,0.65,Healthcare,Authorized,1155593,1191340
4c381a75-8d57-4a86-a8f9-ffc05e7564b3,2023-10-30,0.92,Transportation,Failed,1431720,1863173
e0b73a8d-0ade-4ccb-9db5-17831e52eb63,2023-11-10,0.46,Entertainment,Completed,1104733,1500607
b0ed94ae-3b23-4f55-838d-9f0374b923d3,2023-11-01,0.57,Savings,Cancelled,1403881,1907839
d49d5160-7740-44cb-96c5-0e2ef2b839ad,2023-11-04,0.24,Debt Repayment,Authorized,1188389,1035769
3b561e11-a9c4-484a-9d95-7d31a0e98bc3,2023-11-05,0.32,Savings,Failed,1576804,1999598
276d3b1d-1a47-4a93-ae15-6f87cbc6f6a5,2023-11-09,0.67,Savings,Authorized,1878531,1378425
051a0fb3-d64b-4527-b7e1-c280f11745c4,2023-11-04,0.78,Savings,Failed,1731869,1101466
216be141-1bbf-4d19-a93d-df1062972204,2023-11-12,0.5,Transportation,Refunded,1375707,1215630
98a586a8-4ca6-4024-b900-98eb84d5cfc1,2023-10-31,0.32,Utilities,Pending,1744087,1129902
3fe1df9d-47e3-4b61-b870-7a97afe534d9,2023-11-05,0.04,Healthcare,Failed,1940596,1952597
0305d478-26fc-421b-b026-5a8d67279fbc,2023-11-07,0.65,Utilities,Cancelled,1432177,1236741
32f533d8-19ed-4d2f-847c-b7efdb0f49a1,2023-11-08,0.09,Debt Repayment,Authorized,1901983,1503809
1d6bf1de-0d7f-4a1d-87b0-502ad3b4721b,2023-11-06,0.92,Transportation,Refunded,1703437,1202508
756a15f9-3d14-4c7d-9334-fd20dc4d61e5,2023-11-09,0.44,Clothing,Reversed,1054971,1862859
8ae351b5-d247-4598-8512-567452b522a4,2023-11-02,0.23,Debt Repayment,Authorized,1300853,1149565
326998d2-1266-44e7-92ff-62798bf83eb7,2023-11-07,0.23,Savings,Processing,1544432,1603324
5bc5048b-ba1d-4e95-88e2-754dc6f89e0b,2023-11-07,0.57,Groceries,Cancelled,1803981,1568023
9c09d7d1-82d2-4b09-b099-b5bd728b4a7b,2023-11-12,0.32,Utilities,Completed,1057472,1109365
ecf7ab87-b9a7-454c-9bf4-1e45747b238d,2023-11-05,0.26,Transportation,Refunded,1244756,1915901
25216b1b-cb1d-450c-8cdf-0fbb2ec53874,2023-11-09,0.01,Transportation,Completed,1179128,1833937
ec31bc05-48cf-4fff-826a-947abd0f11e5,2023-11-02,0.41,Groceries,Pending,1588103,1375714
1113511a-902e-4cb4-88cd-a613e0cfd98e,2023-11-13,0.96,Debt Repayment,Reversed,1810655,1452497
fc7df123-6f5c-4dd6-8510-1184d1e1f0b4,2023-11-11,0.1,Transportation,Refunded,1790070,1345663
d92ffef4-e6bc-49ab-8900-6e7ad70dd0d6,2023-11-02,0.11,Housing,Cancelled,1432517,1404596
d15bb852-e2c5-4a89-9e7e-c341f3581956,2023-10-31,0.05,Groceries,Refunded,1814370,1329027
a6f19e73-e4f7-442e-acc0-19401dcba692,2023-11-11,0.01,Debt Repayment,Authorized,1402785,1009591
ddd8289c-6e67-46f8-ab7f-01e1dad21ad8,2023-11-08,0.31,Debt Repayment,Processing,1776987,1301737
c73af84b-c1c4-404e-bf8f-e3fa3424207f,2023-11-01,0.25,Housing,Failed,1725585,1532010
68ed00c1-91d7-4db4-8f1b-c6b07908c422,2023-10-30,0.87,Savings,Cancelled,1725709,1889188
63d7dad4-228e-4a17-848a-e0060a8186dd,2023-10-31,0.73,Savings,Authorized,1486506,1037892
b87d6a48-a74c-49f7-a64b-60daeb112c67,2023-11-12,0.94,Utilities,Processing,1216905,1672903
abb03d2d-b7c7-451e-811d-47ef3f52a4fb,2023-11-02,0.0,Housing,Reversed,1259425,1624779
3ae4b4e3-00a8-45e1-a8a7-3341bc25d013,2023-11-07,0.84,Utilities,Failed,1498958,1484743
04840ecc-7b8b-47ac-ae10-578aa3190284,2023-10-30,0.51,Savings,Pending,1314332,1595214
c4f6e8e9-699c-46f8-9f35-1002d5ba8167,2023-11-01,0.08,Education,Completed,1196191,1598668
afa8d65a-c1b4-4974-a567-a98cddbd68f5,2023-11-10,0.47,Savings,Reversed,1947859,1413676
6dc1505f-4a24-4e29-8f01-ebc04b4f8abc,2023-11-03,0.67,Savings,Completed,1343305,1182039
aef471a7-84bc-42d5-9e3a-db72bd543fc2,2023-11-02,1.0,Groceries,Pending,1201654,1453043
efb42dbc-7262-4a58-aa66-b529c677d3c5,2023-11-03,0.08,Healthcare,Pending,1644970,1436741
8b8dd336-782c-4ba9-8273-dec053a1270a,2023-10-30,0.11,Savings,Processing,1715899,1158545
1351ebeb-b272-4dec-8f1a-5ad8f5a00387,2023-11-02,0.71,Groceries,Authorized,1395256,1415202
1ebdb0a1-0d55-4c74-b1ad-8c4e51effe0e,2023-11-07,0.15,Transportation,Completed,1303963,1462289
7fbfae1a-2806-4198-add2-584e8b49977f,2023-11-10,0.74,Entertainment,Failed,1386950,1154749
45584775-7c74-40e9-a3ca-6ffb31b4834c,2023-11-02,0.73,Transportation,Reversed,1098692,1653704
0ffb9eed-b22c-47fb-8881-da5abf7fe5b3,2023-11-06,0.82,Savings,Completed,1158073,1933943
67c6cd9c-b14b-4268-9bbe-25503d39d4dc,2023-10-31,0.98,Utilities,Authorized,1183767,1699819
467a3d37-570a-471b-8db1-95d976e59862,2023-11-01,0.92,Housing,Authorized,1078850,1368886
4151d3ed-4835-40d4-9cc2-dec5ed6ec8ed,2023-11-07,0.83,Entertainment,Completed,1922509,1006124
27d77d83-4e3d-4f5f-b285-efd9ebbaee54,2023-10-31,0.71,Housing,Authorized,1928776,1112710
7cfeeddd-4253-4053-86b1-4f9206e3d684,2023-11-03,0.88,Groceries,Reversed,1618399,1392662
15f1b2db-b635-41a7-838a-ebae516a33db,2023-11-07,0.32,Education,Refunded,1488157,1953298
8c9c8cd0-a62e-4ee3-951b-211bb7bdb33c,2023-11-06,0.83,Education,Authorized,1947932,1800449
de5c3337-c4a7-41f5-a9dd-62bae754a9f0,2023-11-04,0.17,Entertainment,Reversed,1110534,1660485
77450685-986d-46e7-bc62-3e52734f805e,2023-11-08,0.67,Entertainment,Failed,1114483,1784487
03d9ff55-7d87-47af-8e19-964a1282eb71,2023-11-06,0.76,Savings,Pending,1679515,1978638
3dd9cb7e-7c32-47da-b1ca-160c53dd7e7b,2023-10-30,0.66,Clothing,Authorized,1824791,1825316
18014cd5-326b-4d3a-90a4-195279ae93b3,2023-11-01,0.03,Education,Cancelled,1732357,1488559
977d2205-550a-47eb-9f40-93d7a66fc87d,2023-11-06,0.23,Groceries,Failed,1041269,1923032
6e0987ad-d55a-404e-87b1-c41a1cb34624,2023-11-06,0.17,Entertainment,Refunded,1725063,1444887
b2289ea7-8ea8-4976-b538-eb23edb43aec,2023-11-09,0.92,Healthcare,Refunded,1532115,1203350
636db4d6-d4a5-4513-bfa7-03913b0525e2,2023-11-09,0.48,Clothing,Refunded,1077965,1122122
813a6374-7968-4106-8803-1456e2d20e7d,2023-10-31,0.66,Education,Cancelled,1947256,1549801
cce5c691-35b5-4a9f-9355-031802901eac,2023-11-11,0.81,Savings,Refunded,1261967,1240330
870981f8-07f4-4982-80b8-4a12aff8d731,2023-11-02,0.03,Housing,Processing,1036812,1956938
94a71dbd-d0d8-4e5b-b894-e470c33bf476,2023-11-12,0.21,Savings,Cancelled,1172424,1965101
5e20ee24-780d-4175-a6de-e716afada008,2023-11-03,0.33,Debt Repayment,Processing,1890157,1858848
093943dd-8152-4861-a9a3-ef8a117d195b,2023-11-05,0.16,Transportation,Authorized,1482939,1899643
9a0f0230-6303-4446-8f31-4a3acb61f309,2023-11-13,0.6,Education,Processing,1910387,1874929
68d5e4f8-999f-4fd7-8ed6-4e2ac09af193,2023-11-08,0.71,Savings,Refunded,1370356,1689840
84e7d5b1-4f5e-46a6-a68d-1f430e428ca7,2023-10-30,0.39,Education,Failed,1370133,1955679
74a1593a-30f5-4f04-bfa2-da6b676601f4,2023-11-03,0.51,Healthcare,Processing,1862184,1965818
892b199d-c081-4c99-81eb-24e14227f1c4,2023-11-06,0.44,Transportation,Processing,1796727,1189596
924e1671-95d6-457a-a004-93ee10d112ab,2023-11-11,0.26,Housing,Processing,1855307,1846395
59801b09-a232-476c-8c6f-1b834063cb4a,2023-11-07,0.4,Groceries,Completed,1895641,1961628
c8826291-e352-4e4e-bf63-c268d857bf60,2023-11-04,0.16,Education,Processing,1656874,1868831
f2fe739d-2e82-4c79-8937-4bf572540bfd,2023-11-13,0.0,Savings,Reversed,1975842,1832720
45b98560-2e28-4598-957f-532f58d32004,2023-11-01,0.67,Housing,Authorized,1793076,1069055
6f0bbec4-f89d-48ed-8eec-1827dd8e5213,2023-11-12,0.07,Transportation,Cancelled,1781619,1622293
eeeead05-ef95-46de-8230-fc7d02dcf6b3,2023-11-09,0.31,Utilities,Failed,1133910,1187702
899bbb5b-5fde-44cd-a1cc-ace2c7ccfd72,2023-11-11,1.0,Debt Repayment,Failed,1778682,1505975
065133b1-2d9e-4f5a-835e-c903df43eef8,2023-11-03,0.07,Savings,Pending,1840877,1552999
947679e7-c2e8-447a-ae61-a406195fb456,2023-11-02,0.36,Groceries,Refunded,1061069,1037196
7f343f4d-b9cd-43dc-8861-58b0aab0f378,2023-10-30,0.11,Transportation,Reversed,1925308,1088269
69bedf38-5406-419d-8c25-87e5aa6f55d9,2023-11-01,0.39,Clothing,Failed,1478243,1682226
1bcd5d93-f089-4a5c-9a3d-44a6db927f72,2023-10-30,0.07,Education,Pending,1899946,1273364
e5e27e11-0da9-480a-95bb-279203509328,2023-11-03,0.64,Housing,Processing,1439710,1168450
964735bd-c44d-4894-a3d3-b735f5503673,2023-11-13,0.27,Utilities,Completed,1721213,1345921
4e7644e8-6121-496b-ae71-1fb0dfd51297,2023-11-10,0.95,Education,Processing,1350107,1343603
f05d105d-1d40-4a4d-b22d-bf2773285a81,2023-11-07,0.41,Savings,Authorized,1755220,1721453
bf370d69-867a-4bf6-88df-623c80fcdec4,2023-11-11,0.78,Debt Repayment,Processing,1851718,1552756
9d51cc45-913f-49e8-be62-497c1ca0b789,2023-11-12,0.15,Housing,Reversed,1952567,1791013
3ac30423-053a-4990-95ca-07667f9f1778,2023-11-04,0.57,Groceries,Reversed,1047349,1989610
46389eee-36b0-44b7-8af1-6e893a1fe601,2023-11-04,0.86,Transportation,Pending,1921144,1751033
d25481fc-93a1-45c6-8535-30a8c1579d15,2023-10-31,0.19,Housing,Completed,1164604,1369468
701ec88e-cd06-4d93-928b-6afb176e2401,2023-11-05,0.76,Savings,Reversed,1814052,1764175
8ce0e780-ab96-43f8-806e-7468313194d2,2023-11-13,0.79,Savings,Processing,1534716,1636758
27a7c69a-a2ee-44f0-8610-c85ec8c3776a,2023-11-09,0.62,Debt Repayment,Refunded,1946531,1007684
71d6af50-ad75-4c03-bde2-4ae0de57dc70,2023-11-05,0.82,Savings,Refunded,1789645,1869023
15ca4c52-dfc0-4bf7-b8c9-30bb3d3f6fa5,2023-11-09,0.44,Healthcare,Completed,1425091,1548490
785a5024-f1e6-4826-8f24-d425c91edc43,2023-11-11,0.31,Clothing,Pending,1950306,1070123
a7efa690-ca46-46b0-9e04-898ccef40040,2023-11-05,0.08,Healthcare,Authorized,1227643,1121709
9935f412-006e-47ab-84e7-f1f7727bf19c,2023-11-03,0.11,Transportation,Refunded,1633176,1464225
bb8d023e-9287-4c1a-b790-17e588b48cd1,2023-11-01,0.76,Utilities,Completed,1678550,1802090
2f0af51a-d92e-41ae-8921-11d2c8d4e2c0,2023-11-11,0.03,Groceries,Processing,1497146,1820710
405ecf8d-4f61-498a-b4d5-5cc8d66d3bf4,2023-11-09,0.39,Savings,Reversed,1774828,1669457
b7f1ca39-2531-4b9b-a45c-4e8a45fbfc59,2023-11-12,0.0,Debt Repayment,Completed,1354267,1476214
0e34030a-7502-417f-8e34-2f54175b7be6,2023-11-09,0.74,Entertainment,Authorized,1805493,1721484
74bf3859-bdfe-4b0e-8018-826c49bbdf0e,2023-11-03,0.83,Transportation,Refunded,1846464,1995222
3df31cf8-6798-4102-b84a-5a0e3ea3fed5,2023-11-01,0.85,Utilities,Refunded,1437884,1827704
e0a76f90-5a6f-4279-8067-fd9ddc894c30,2023-11-06,0.49,Entertainment,Pending,1353033,1501912
af443422-4c21-4858-b539-f54307d4378a,2023-11-07,0.06,Clothing,Pending,1956948,1609895
c8e6ca54-6dcf-4191-a8eb-cc2847c459fb,2023-11-12,0.34,Transportation,Refunded,1361408,1755055
f2759821-aaec-4926-87c3-fe7a9f56fdc3,2023-11-02,0.77,Housing,Reversed,1210777,1179776
f50a8a66-ffe4-43c6-b7dd-653b24df9042,2023-10-31,0.83,Housing,Refunded,1437007,1453510
01d16c8f-acd2-4b71-bf96-e1c30d0ec249,2023-11-01,0.51,Healthcare,Authorized,1695946,1272637
e62a9a02-e05b-48c0-a66c-716b08c77655,2023-11-09,0.17,Utilities,Processing,1420628,1422437
6e17776c-6a40-492b-9b10-4de3c85c1ef6,2023-11-11,0.48,Education,Completed,1901768,1289560
dfa099e7-b450-42be-b64b-81ed1917f9d7,2023-11-06,0.74,Utilities,Failed,1917526,1092134
6bf7294b-8ad4-4b8a-b395-08f684f2af20,2023-11-02,0.33,Savings,Failed,1235709,1987599
fc624091-fb3e-4dee-b0be-d0e98d23036b,2023-11-05,0.18,Entertainment,Refunded,1629940,1350623
be232ff2-e783-42e3-86b2-8cf9aed5a31a,2023-11-09,0.54,Transportation,Failed,1240723,1678365
aa106005-4e81-49d7-92be-091b021c7911,2023-11-04,0.51,Utilities,Completed,1368046,1948808
42278c0d-881e-46d2-9974-05b239c41957,2023-11-08,0.08,Debt Repayment,Cancelled,1152774,1406613
d325e2ab-1209-4141-9b10-0b30856b9c24,2023-11-07,0.31,Clothing,Refunded,1461373,1046423
718a7042-32a3-4ff8-a791-4c08321fe205,2023-11-09,0.28,Education,Completed,1233754,1860689
e8ae334c-94a2-428a-89e8-c125137751ef,2023-11-03,0.31,Education,Refunded,1313183,1600844
f70cf1ff-fb36-45c6-9dfe-2ab16882ed4e,2023-11-06,0.48,Transportation,Reversed,1783099,1804663
93bb2168-1523-4248-b63d-5af40057da25,2023-11-13,0.83,Debt Repayment,Failed,1338844,1431957
4ac25cc3-7af4-4a0e-8f46-69b307b2fb93,2023-11-11,0.71,Housing,Completed,1085196,1208399
c94826a7-ccd9-4d33-8404-72c501604c52,2023-11-02,0.89,Debt Repayment,Processing,1672524,1609869
55ac9628-6051-4d73-8247-37a76b50ee14,2023-11-03,0.79,Debt Repayment,Completed,1536187,1434308
4836127b-8cfe-4ff8-8099-5823078b1aaa,2023-11-06,0.9,Housing,Failed,1535289,1375466
dba08726-16a7-4ebf-97e4-3d357eb3bc17,2023-11-09,0.96,Savings,Completed,1314677,1892805
369c9d70-cf3c-4934-896c-17a431cd6ed0,2023-11-06,0.63,Healthcare,Failed,1115613,1360742
e081ffb4-a044-42af-aa02-a36456bbd879,2023-11-04,0.38,Entertainment,Processing,1185959,1417010
31db138b-4a31-4bed-aa6c-af4f0b4ca99c,2023-11-06,0.21,Clothing,Completed,1313809,1376864
26e85660-aa2a-4005-aa43-f860826372e6,2023-11-03,0.18,Clothing,Processing,1835761,1167566
4e454ab9-93ca-42c4-8f7a-8f43e67a716a,2023-11-09,0.43,Clothing,Completed,1590528,1553084
91cdb9d4-f89b-4ba7-bc56-74fad09c474f,2023-11-06,0.24,Clothing,Pending,1151408,1592338
76a74d13-888b-415a-94d2-5f91256b0999,2023-11-03,0.22,Education,Reversed,1414498,1135069
c954fc85-e7b7-4526-89d0-5138e7642bb6,2023-11-12,0.93,Debt Repayment,Pending,1986901,1728580
86b9b20e-a215-48f9-9353-2123f899c83f,2023-11-12,0.65,Savings,Processing,1711159,1560852
42a70ec0-b564-4d55-8fbb-1121cbbe6cf8,2023-11-03,0.73,Utilities,Completed,1606526,1337701
969e9e29-3721-4ff9-8e56-26785788562d,2023-11-03,0.19,Debt Repayment,Completed,1968045,1377926
5a29fa43-af78-4226-93a7-ab707c126b26,2023-11-10,0.11,Education,Reversed,1279025,1283269
7f44bd92-6a6d-4f30-bdbb-54242f4af839,2023-10-30,0.79,Education,Cancelled,1707456,1082105
a990872b-c77b-4453-baed-d7cafd36bdb6,2023-11-09,0.5,Clothing,Failed,1024900,1762587
95f4d304-7f63-4c64-9c01-598d5ecc98fa,2023-11-07,0.79,Housing,Failed,1102532,1837212
d223b2ec-4903-4c83-a91e-f8de6cd4e430,2023-11-06,0.9,Healthcare,Authorized,1542081,1928305
bd9662fb-dde7-4ded-b01d-9b885ba0a5b5,2023-11-07,0.64,Clothing,Cancelled,1203270,1442059
89618c7a-6729-49aa-ab32-093e77cfb03e,2023-11-03,0.33,Entertainment,Pending,1423818,1106494
739326df-8075-4610-9a4e-c261bb4f1a33,2023-11-03,0.77,Entertainment,Failed,1824282,1296668
b0da1ec2-aa1a-4342-8d50-8c6d42ac8007,2023-11-11,0.11,Groceries,Reversed,1200164,1016395
f745c873-4638-42dd-9af7-d8210eaba41a,2023-11-07,0.91,Healthcare,Reversed,1271728,1091004
50d13c31-f05b-4bd2-83c2-2278b5f6144f,2023-11-09,0.47,Utilities,Failed,1149217,1751375
fe84878f-f26c-4752-ac68-f7a8076b74cb,2023-11-09,0.04,Healthcare,Processing,1187106,1580966
8f69b857-0929-4259-88bd-b5271e71e909,2023-11-01,0.55,Savings,Pending,1159831,1568262
18763146-b000-4079-8a87-55519353e92e,2023-11-03,0.15,Transportation,Cancelled,1034491,1645804
67d81802-b5f2-4f29-9c63-e17154579e0f,2023-11-03,0.44,Transportation,Refunded,1121795,1617187
5ddc252c-da80-44d9-9089-06a6e6ec0425,2023-11-09,0.08,Transportation,Completed,1539540,1221270
3a3b424b-5006-4001-bbe5-9af8c417acc4,2023-11-10,0.03,Education,Refunded,1275156,1223592
fa75ac43-7143-449f-8a30-0efb673dc073,2023-11-04,0.99,Debt Repayment,Reversed,1719930,1117149
1dccd1b9-bf5f-46fa-91d7-a396cdb5fbae,2023-11-02,0.65,Transportation,Processing,1207825,1051912
abba10c9-7178-4a47-bbf3-186ece33dcb3,2023-10-30,0.87,Entertainment,Failed,1842866,1565121
74471a81-9f7b-4c4a-9ac9-7210c17f0e7e,2023-11-08,0.82,Savings,Cancelled,1644347,1733768
76c6a5fa-8d3f-4a20-98a3-0111003cb25a,2023-11-08,0.28,Clothing,Reversed,1074004,1982005
b366b966-8e67-49c4-84d2-bf91310d73c2,2023-11-08,0.69,Housing,Reversed,1475284,1916588
dc5c99a9-bb90-4571-b130-55fdd7622ca5,2023-11-10,0.04,Housing,Pending,1942936,1803266
af68d5f3-20b3-4527-ac2d-b3bf3604e155,2023-11-12,0.06,Groceries,Reversed,1044519,1371972
92afae80-a76b-4e62-a1ed-ff5a924c4e5c,2023-11-13,0.02,Groceries,Authorized,1688369,1691500
6b1f8813-c396-4c9e-bbdf-9d8b10231804,2023-11-06,0.09,Entertainment,Cancelled,1908746,1982478
8c089d3d-c25a-4cab-ab16-e13e030ebca7,2023-11-01,0.28,Transportation,Cancelled,1680317,1158144
a0ac015d-26f1-49c1-9c52-21ce6b7130f0,2023-11-02,0.9,Entertainment,Failed,1318996,1025421
938c9296-19bf-47d9-ae0e-4e753040b0ed,2023-11-09,0.85,Groceries,Processing,1877814,1063937
7a8863a7-9bde-4457-99d9-af3d6e09a817,2023-11-05,0.61,Transportation,Cancelled,1787258,1974073
cfdc2d34-768a-44de-ab74-235503165f74,2023-11-02,0.09,Housing,Reversed,1950021,1923248
cef9c5e7-50f3-4f82-8634-67f298dcccf0,2023-11-12,0.05,Healthcare,Failed,1238313,1955455
75b8f5c3-a675-4222-94a9-4f8aca267266,2023-11-05,0.42,Clothing,Refunded,1960246,1058077
464c7f45-a43c-44a5-8f41-775649614704,2023-11-04,0.66,Groceries,Pending,1777972,1621887
